Id,Owner,Table_name,Col_name,Data_type,Data_length,Data_precision,Data_scale,Nullable
1.0,TOPGIS_GC,GC_ADMIXTURE,OBJECTID,NUMBER,22.0,,0.0,N
2.0,TOPGIS_GC,GC_ADMIXTURE,UUID,CHAR,38.0,,,Y
3.0,TOPGIS_GC,GC_ADMIXTURE,OPERATOR,NVARCHAR2,100.0,,,Y
4.0,TOPGIS_GC,GC_ADMIXTURE,DATEOFCREATION,DATE,7.0,,,Y
5.0,TOPGIS_GC,GC_ADMIXTURE,DATEOFCHANGE,DATE,7.0,,,Y
6.0,TOPGIS_GC,GC_ADMIXTURE,CREATION_YEAR,NUMBER,22.0,,0.0,Y
7.0,TOPGIS_GC,GC_ADMIXTURE,CREATION_MONTH,NUMBER,22.0,,0.0,Y
8.0,TOPGIS_GC,GC_ADMIXTURE,REVISION_YEAR,NUMBER,22.0,,0.0,Y
9.0,TOPGIS_GC,GC_ADMIXTURE,REVISION_MONTH,NUMBER,22.0,,0.0,Y
10.0,TOPGIS_GC,GC_ADMIXTURE,REASONFORCHANGE,NUMBER,22.0,,0.0,Y
11.0,TOPGIS_GC,GC_ADMIXTURE,OBJECTORIGIN,NUMBER,22.0,,0.0,Y
12.0,TOPGIS_GC,GC_ADMIXTURE,OBJECTORIGIN_YEAR,NUMBER,22.0,,0.0,Y
13.0,TOPGIS_GC,GC_ADMIXTURE,OBJECTORIGIN_MONTH,NUMBER,22.0,,0.0,Y
14.0,TOPGIS_GC,GC_ADMIXTURE,RC_ID,NUMBER,22.0,,0.0,Y
15.0,TOPGIS_GC,GC_ADMIXTURE,WU_ID,NUMBER,22.0,,0.0,Y
16.0,TOPGIS_GC,GC_ADMIXTURE,RC_ID_CREATION,NUMBER,22.0,,0.0,Y
17.0,TOPGIS_GC,GC_ADMIXTURE,WU_ID_CREATION,NUMBER,22.0,,0.0,Y
18.0,TOPGIS_GC,GC_ADMIXTURE,REVISION_QUALITY,NVARCHAR2,30.0,,,Y
19.0,TOPGIS_GC,GC_ADMIXTURE,ORIGINAL_ORIGIN,NUMBER,22.0,,0.0,Y
20.0,TOPGIS_GC,GC_ADMIXTURE,INTEGRATION_OBJECT_UUID,CHAR,38.0,,,Y
21.0,TOPGIS_GC,GC_ADMIXTURE,GEOL_CODE,NVARCHAR2,40.0,,,Y
22.0,TOPGIS_GC,GC_ADMIXTURE,GEOL_CODE_INT,NUMBER,22.0,,0.0,Y
23.0,TOPGIS_GC,GC_ADMIXTURE,GERMAN,NVARCHAR2,510.0,,,Y
1.0,TOPGIS_GC,GC_ADMIXTURE_I,OBJECTID,NUMBER,22.0,,0.0,N
2.0,TOPGIS_GC,GC_ADMIXTURE_I,UUID,CHAR,38.0,,,Y
3.0,TOPGIS_GC,GC_ADMIXTURE_I,OPERATOR,NVARCHAR2,100.0,,,Y
4.0,TOPGIS_GC,GC_ADMIXTURE_I,DATEOFCREATION,DATE,7.0,,,Y
5.0,TOPGIS_GC,GC_ADMIXTURE_I,DATEOFCHANGE,DATE,7.0,,,Y
6.0,TOPGIS_GC,GC_ADMIXTURE_I,CREATION_YEAR,NUMBER,22.0,,0.0,Y
7.0,TOPGIS_GC,GC_ADMIXTURE_I,CREATION_MONTH,NUMBER,22.0,,0.0,Y
8.0,TOPGIS_GC,GC_ADMIXTURE_I,REVISION_YEAR,NUMBER,22.0,,0.0,Y
9.0,TOPGIS_GC,GC_ADMIXTURE_I,REVISION_MONTH,NUMBER,22.0,,0.0,Y
10.0,TOPGIS_GC,GC_ADMIXTURE_I,REASONFORCHANGE,NUMBER,22.0,,0.0,Y
11.0,TOPGIS_GC,GC_ADMIXTURE_I,OBJECTORIGIN,NUMBER,22.0,,0.0,Y
12.0,TOPGIS_GC,GC_ADMIXTURE_I,OBJECTORIGIN_YEAR,NUMBER,22.0,,0.0,Y
13.0,TOPGIS_GC,GC_ADMIXTURE_I,OBJECTORIGIN_MONTH,NUMBER,22.0,,0.0,Y
14.0,TOPGIS_GC,GC_ADMIXTURE_I,RC_ID,NUMBER,22.0,,0.0,Y
15.0,TOPGIS_GC,GC_ADMIXTURE_I,WU_ID,NUMBER,22.0,,0.0,Y
16.0,TOPGIS_GC,GC_ADMIXTURE_I,RC_ID_CREATION,NUMBER,22.0,,0.0,Y
17.0,TOPGIS_GC,GC_ADMIXTURE_I,WU_ID_CREATION,NUMBER,22.0,,0.0,Y
18.0,TOPGIS_GC,GC_ADMIXTURE_I,REVISION_QUALITY,NVARCHAR2,30.0,,,Y
19.0,TOPGIS_GC,GC_ADMIXTURE_I,ORIGINAL_ORIGIN,NUMBER,22.0,,0.0,Y
20.0,TOPGIS_GC,GC_ADMIXTURE_I,INTEGRATION_OBJECT_UUID,CHAR,38.0,,,Y
21.0,TOPGIS_GC,GC_ADMIXTURE_I,GEOL_CODE,NVARCHAR2,40.0,,,Y
22.0,TOPGIS_GC,GC_ADMIXTURE_I,GEOL_CODE_INT,NUMBER,22.0,,0.0,Y
23.0,TOPGIS_GC,GC_ADMIXTURE_I,GERMAN,NVARCHAR2,510.0,,,Y
24.0,TOPGIS_GC,GC_ADMIXTURE_I,INTEGRATION_STATUS,NUMBER,22.0,,0.0,Y
25.0,TOPGIS_GC,GC_ADMIXTURE_I,INTEGRATION_NOTES,NVARCHAR2,500.0,,,Y
26.0,TOPGIS_GC,GC_ADMIXTURE_I,CONFLICT_ROLE,NUMBER,22.0,,0.0,Y
27.0,TOPGIS_GC,GC_ADMIXTURE_I,CONFLICT_ID,CHAR,38.0,,,Y
1.0,TOPGIS_GC,GC_BEDROCK,OBJECTID,NUMBER,22.0,,0.0,N
2.0,TOPGIS_GC,GC_BEDROCK,UUID,CHAR,38.0,,,Y
3.0,TOPGIS_GC,GC_BEDROCK,OPERATOR,NVARCHAR2,100.0,,,Y
4.0,TOPGIS_GC,GC_BEDROCK,DATEOFCREATION,DATE,7.0,,,Y
5.0,TOPGIS_GC,GC_BEDROCK,DATEOFCHANGE,DATE,7.0,,,Y
6.0,TOPGIS_GC,GC_BEDROCK,CREATION_YEAR,NUMBER,22.0,,0.0,Y
7.0,TOPGIS_GC,GC_BEDROCK,CREATION_MONTH,NUMBER,22.0,,0.0,Y
8.0,TOPGIS_GC,GC_BEDROCK,REVISION_YEAR,NUMBER,22.0,,0.0,Y
9.0,TOPGIS_GC,GC_BEDROCK,REVISION_MONTH,NUMBER,22.0,,0.0,Y
10.0,TOPGIS_GC,GC_BEDROCK,REASONFORCHANGE,NUMBER,22.0,,0.0,Y
11.0,TOPGIS_GC,GC_BEDROCK,OBJECTORIGIN,NUMBER,22.0,,0.0,Y
12.0,TOPGIS_GC,GC_BEDROCK,OBJECTORIGIN_YEAR,NUMBER,22.0,,0.0,Y
13.0,TOPGIS_GC,GC_BEDROCK,OBJECTORIGIN_MONTH,NUMBER,22.0,,0.0,Y
14.0,TOPGIS_GC,GC_BEDROCK,KIND,NUMBER,22.0,,0.0,Y
15.0,TOPGIS_GC,GC_BEDROCK,RC_ID,NUMBER,22.0,,0.0,Y
16.0,TOPGIS_GC,GC_BEDROCK,WU_ID,NUMBER,22.0,,0.0,Y
17.0,TOPGIS_GC,GC_BEDROCK,RC_ID_CREATION,NUMBER,22.0,,0.0,Y
18.0,TOPGIS_GC,GC_BEDROCK,WU_ID_CREATION,NUMBER,22.0,,0.0,Y
19.0,TOPGIS_GC,GC_BEDROCK,REVISION_QUALITY,NVARCHAR2,30.0,,,Y
20.0,TOPGIS_GC,GC_BEDROCK,ORIGINAL_ORIGIN,NUMBER,22.0,,0.0,Y
21.0,TOPGIS_GC,GC_BEDROCK,INTEGRATION_OBJECT_UUID,CHAR,38.0,,,Y
22.0,TOPGIS_GC,GC_BEDROCK,MORE_INFO,NVARCHAR2,510.0,,,Y
23.0,TOPGIS_GC,GC_BEDROCK,SYMBOL,NVARCHAR2,20.0,,,Y
24.0,TOPGIS_GC,GC_BEDROCK,RBED_CHRONO_T,NUMBER,22.0,,0.0,Y
25.0,TOPGIS_GC,GC_BEDROCK,RBED_CHRONO_B,NUMBER,22.0,,0.0,Y
26.0,TOPGIS_GC,GC_BEDROCK,RBED_CHRONO_B_LOC,NUMBER,22.0,,0.0,Y
27.0,TOPGIS_GC,GC_BEDROCK,RBED_CHRONO_T_LOC,NUMBER,22.0,,0.0,Y
28.0,TOPGIS_GC,GC_BEDROCK,RBED_TECTO,NUMBER,22.0,,0.0,Y
29.0,TOPGIS_GC,GC_BEDROCK,RBED_HARMOS_REV,NUMBER,22.0,,0.0,Y
30.0,TOPGIS_GC,GC_BEDROCK,RBED_EXOTIC_ELE,NUMBER,22.0,,0.0,Y
31.0,TOPGIS_GC,GC_BEDROCK,RBED_ORIG_DESCR,NVARCHAR2,510.0,,,Y
32.0,TOPGIS_GC,GC_BEDROCK,RBED_INDEX,NVARCHAR2,510.0,,,Y
33.0,TOPGIS_GC,GC_BEDROCK,FORM_ATT,CHAR,38.0,,,Y
34.0,TOPGIS_GC,GC_BEDROCK,SHAPE,ST_GEOMETRY,256.0,,,Y
1.0,TOPGIS_GC,GC_BEDROCK_I,OBJECTID,NUMBER,22.0,,0.0,N
2.0,TOPGIS_GC,GC_BEDROCK_I,UUID,CHAR,38.0,,,Y
3.0,TOPGIS_GC,GC_BEDROCK_I,OPERATOR,NVARCHAR2,100.0,,,Y
4.0,TOPGIS_GC,GC_BEDROCK_I,DATEOFCREATION,DATE,7.0,,,Y
5.0,TOPGIS_GC,GC_BEDROCK_I,DATEOFCHANGE,DATE,7.0,,,Y
6.0,TOPGIS_GC,GC_BEDROCK_I,CREATION_YEAR,NUMBER,22.0,,0.0,Y
7.0,TOPGIS_GC,GC_BEDROCK_I,CREATION_MONTH,NUMBER,22.0,,0.0,Y
8.0,TOPGIS_GC,GC_BEDROCK_I,REVISION_YEAR,NUMBER,22.0,,0.0,Y
9.0,TOPGIS_GC,GC_BEDROCK_I,REVISION_MONTH,NUMBER,22.0,,0.0,Y
10.0,TOPGIS_GC,GC_BEDROCK_I,REASONFORCHANGE,NUMBER,22.0,,0.0,Y
11.0,TOPGIS_GC,GC_BEDROCK_I,OBJECTORIGIN,NUMBER,22.0,,0.0,Y
12.0,TOPGIS_GC,GC_BEDROCK_I,OBJECTORIGIN_YEAR,NUMBER,22.0,,0.0,Y
13.0,TOPGIS_GC,GC_BEDROCK_I,OBJECTORIGIN_MONTH,NUMBER,22.0,,0.0,Y
14.0,TOPGIS_GC,GC_BEDROCK_I,KIND,NUMBER,22.0,,0.0,Y
15.0,TOPGIS_GC,GC_BEDROCK_I,RC_ID,NUMBER,22.0,,0.0,Y
16.0,TOPGIS_GC,GC_BEDROCK_I,WU_ID,NUMBER,22.0,,0.0,Y
17.0,TOPGIS_GC,GC_BEDROCK_I,RC_ID_CREATION,NUMBER,22.0,,0.0,Y
18.0,TOPGIS_GC,GC_BEDROCK_I,WU_ID_CREATION,NUMBER,22.0,,0.0,Y
19.0,TOPGIS_GC,GC_BEDROCK_I,REVISION_QUALITY,NVARCHAR2,30.0,,,Y
20.0,TOPGIS_GC,GC_BEDROCK_I,ORIGINAL_ORIGIN,NUMBER,22.0,,0.0,Y
21.0,TOPGIS_GC,GC_BEDROCK_I,MORE_INFO,NVARCHAR2,510.0,,,Y
22.0,TOPGIS_GC,GC_BEDROCK_I,SYMBOL,NVARCHAR2,20.0,,,Y
23.0,TOPGIS_GC,GC_BEDROCK_I,RBED_CHRONO_T,NUMBER,22.0,,0.0,Y
24.0,TOPGIS_GC,GC_BEDROCK_I,RBED_CHRONO_B,NUMBER,22.0,,0.0,Y
25.0,TOPGIS_GC,GC_BEDROCK_I,RBED_CHRONO_B_LOC,NUMBER,22.0,,0.0,Y
26.0,TOPGIS_GC,GC_BEDROCK_I,RBED_CHRONO_T_LOC,NUMBER,22.0,,0.0,Y
27.0,TOPGIS_GC,GC_BEDROCK_I,RBED_TECTO,NUMBER,22.0,,0.0,Y
28.0,TOPGIS_GC,GC_BEDROCK_I,RBED_HARMOS_REV,NUMBER,22.0,,0.0,Y
29.0,TOPGIS_GC,GC_BEDROCK_I,RBED_EXOTIC_ELE,NUMBER,22.0,,0.0,Y
30.0,TOPGIS_GC,GC_BEDROCK_I,RBED_ORIG_DESCR,NVARCHAR2,510.0,,,Y
31.0,TOPGIS_GC,GC_BEDROCK_I,RBED_INDEX,NVARCHAR2,510.0,,,Y
32.0,TOPGIS_GC,GC_BEDROCK_I,INTEGRATION_STATUS,NUMBER,22.0,,0.0,Y
33.0,TOPGIS_GC,GC_BEDROCK_I,INTEGRATION_NOTES,NVARCHAR2,500.0,,,Y
34.0,TOPGIS_GC,GC_BEDROCK_I,CONFLICT_ROLE,NUMBER,22.0,,0.0,Y
35.0,TOPGIS_GC,GC_BEDROCK_I,CONFLICT_ID,CHAR,38.0,,,Y
36.0,TOPGIS_GC,GC_BEDROCK_I,FORM_ATT,CHAR,38.0,,,Y
37.0,TOPGIS_GC,GC_BEDROCK_I,SHAPE,ST_GEOMETRY,256.0,,,Y
1.0,TOPGIS_GC,GC_BEDR_LITHO_GC_LITHO_BED,RID,NUMBER,22.0,,0.0,N
2.0,TOPGIS_GC,GC_BEDR_LITHO_GC_LITHO_BED,GC_BEDROCK_UUID,CHAR,38.0,,,Y
3.0,TOPGIS_GC,GC_BEDR_LITHO_GC_LITHO_BED,GC_LITHO_BED_UUID,CHAR,38.0,,,Y
1.0,TOPGIS_GC,GC_BEDR_LITHO_GC_LITHO_BED_I,RID,NUMBER,22.0,,0.0,N
2.0,TOPGIS_GC,GC_BEDR_LITHO_GC_LITHO_BED_I,GC_BEDROCK_UUID,CHAR,38.0,,,Y
3.0,TOPGIS_GC,GC_BEDR_LITHO_GC_LITHO_BED_I,GC_LITHO_BED_UUID,CHAR,38.0,,,Y
1.0,TOPGIS_GC,GC_BED_FORM_ATT,OBJECTID,NUMBER,22.0,,0.0,N
2.0,TOPGIS_GC,GC_BED_FORM_ATT,UUID,CHAR,38.0,,,Y
3.0,TOPGIS_GC,GC_BED_FORM_ATT,OPERATOR,NVARCHAR2,100.0,,,Y
4.0,TOPGIS_GC,GC_BED_FORM_ATT,DATEOFCREATION,DATE,7.0,,,Y
5.0,TOPGIS_GC,GC_BED_FORM_ATT,DATEOFCHANGE,DATE,7.0,,,Y
6.0,TOPGIS_GC,GC_BED_FORM_ATT,CREATION_YEAR,NUMBER,22.0,,0.0,Y
7.0,TOPGIS_GC,GC_BED_FORM_ATT,CREATION_MONTH,NUMBER,22.0,,0.0,Y
8.0,TOPGIS_GC,GC_BED_FORM_ATT,REVISION_YEAR,NUMBER,22.0,,0.0,Y
9.0,TOPGIS_GC,GC_BED_FORM_ATT,REVISION_MONTH,NUMBER,22.0,,0.0,Y
10.0,TOPGIS_GC,GC_BED_FORM_ATT,REASONFORCHANGE,NUMBER,22.0,,0.0,Y
11.0,TOPGIS_GC,GC_BED_FORM_ATT,OBJECTORIGIN,NUMBER,22.0,,0.0,Y
12.0,TOPGIS_GC,GC_BED_FORM_ATT,OBJECTORIGIN_YEAR,NUMBER,22.0,,0.0,Y
13.0,TOPGIS_GC,GC_BED_FORM_ATT,OBJECTORIGIN_MONTH,NUMBER,22.0,,0.0,Y
14.0,TOPGIS_GC,GC_BED_FORM_ATT,RC_ID,NUMBER,22.0,,0.0,Y
15.0,TOPGIS_GC,GC_BED_FORM_ATT,WU_ID,NUMBER,22.0,,0.0,Y
16.0,TOPGIS_GC,GC_BED_FORM_ATT,RC_ID_CREATION,NUMBER,22.0,,0.0,Y
17.0,TOPGIS_GC,GC_BED_FORM_ATT,WU_ID_CREATION,NUMBER,22.0,,0.0,Y
18.0,TOPGIS_GC,GC_BED_FORM_ATT,REVISION_QUALITY,NVARCHAR2,30.0,,,Y
19.0,TOPGIS_GC,GC_BED_FORM_ATT,ORIGINAL_ORIGIN,NUMBER,22.0,,0.0,Y
20.0,TOPGIS_GC,GC_BED_FORM_ATT,INTEGRATION_OBJECT_UUID,CHAR,38.0,,,Y
21.0,TOPGIS_GC,GC_BED_FORM_ATT,FMAT_META_MINERAL1,NUMBER,22.0,,0.0,Y
22.0,TOPGIS_GC,GC_BED_FORM_ATT,FMAT_META_MINERAL2,NUMBER,22.0,,0.0,Y
23.0,TOPGIS_GC,GC_BED_FORM_ATT,FMAT_META_MINERAL3,NUMBER,22.0,,0.0,Y
24.0,TOPGIS_GC,GC_BED_FORM_ATT,FMAT_META_STR1,NUMBER,22.0,,0.0,Y
25.0,TOPGIS_GC,GC_BED_FORM_ATT,FMAT_META_STR2,NUMBER,22.0,,0.0,Y
26.0,TOPGIS_GC,GC_BED_FORM_ATT,FMAT_META_STR3,NUMBER,22.0,,0.0,Y
27.0,TOPGIS_GC,GC_BED_FORM_ATT,FMAT_SEDI_BEDDING1,NUMBER,22.0,,0.0,Y
28.0,TOPGIS_GC,GC_BED_FORM_ATT,FMAT_SEDI_BEDDING2,NUMBER,22.0,,0.0,Y
29.0,TOPGIS_GC,GC_BED_FORM_ATT,FMAT_SEDI_BOND_MAT,NUMBER,22.0,,0.0,Y
30.0,TOPGIS_GC,GC_BED_FORM_ATT,FMAT_SEDI_MAIN_COM,NUMBER,22.0,,0.0,Y
31.0,TOPGIS_GC,GC_BED_FORM_ATT,FMAT_SEDI_SECO_COM1,NUMBER,22.0,,0.0,Y
32.0,TOPGIS_GC,GC_BED_FORM_ATT,FMAT_SEDI_SECO_COM2,NUMBER,22.0,,0.0,Y
33.0,TOPGIS_GC,GC_BED_FORM_ATT,FMAT_SEDI_STR1,NUMBER,22.0,,0.0,Y
34.0,TOPGIS_GC,GC_BED_FORM_ATT,FMAT_SEDI_STR2,NUMBER,22.0,,0.0,Y
35.0,TOPGIS_GC,GC_BED_FORM_ATT,FMAT_SEDI_TEX1,NUMBER,22.0,,0.0,Y
36.0,TOPGIS_GC,GC_BED_FORM_ATT,FMAT_SEDI_TEX2,NUMBER,22.0,,0.0,Y
37.0,TOPGIS_GC,GC_BED_FORM_ATT,FMAT_IGNE_TEX,NUMBER,22.0,,0.0,Y
38.0,TOPGIS_GC,GC_BED_FORM_ATT,FMAT_IGNE_GRAIN_SI,NUMBER,22.0,,0.0,Y
39.0,TOPGIS_GC,GC_BED_FORM_ATT,FMAT_IGNE_AFFINITY,NUMBER,22.0,,0.0,Y
40.0,TOPGIS_GC,GC_BED_FORM_ATT,FMAT_META_FULL_NAME,NVARCHAR2,510.0,,,Y
41.0,TOPGIS_GC,GC_BED_FORM_ATT,FMAT_LITSTRAT,NUMBER,22.0,,0.0,Y
1.0,TOPGIS_GC,GC_BED_FORM_ATT_I,OBJECTID,NUMBER,22.0,,0.0,N
2.0,TOPGIS_GC,GC_BED_FORM_ATT_I,UUID,CHAR,38.0,,,Y
3.0,TOPGIS_GC,GC_BED_FORM_ATT_I,OPERATOR,NVARCHAR2,100.0,,,Y
4.0,TOPGIS_GC,GC_BED_FORM_ATT_I,DATEOFCREATION,DATE,7.0,,,Y
5.0,TOPGIS_GC,GC_BED_FORM_ATT_I,DATEOFCHANGE,DATE,7.0,,,Y
6.0,TOPGIS_GC,GC_BED_FORM_ATT_I,CREATION_YEAR,NUMBER,22.0,,0.0,Y
7.0,TOPGIS_GC,GC_BED_FORM_ATT_I,CREATION_MONTH,NUMBER,22.0,,0.0,Y
8.0,TOPGIS_GC,GC_BED_FORM_ATT_I,REVISION_YEAR,NUMBER,22.0,,0.0,Y
9.0,TOPGIS_GC,GC_BED_FORM_ATT_I,REVISION_MONTH,NUMBER,22.0,,0.0,Y
10.0,TOPGIS_GC,GC_BED_FORM_ATT_I,REASONFORCHANGE,NUMBER,22.0,,0.0,Y
11.0,TOPGIS_GC,GC_BED_FORM_ATT_I,OBJECTORIGIN,NUMBER,22.0,,0.0,Y
12.0,TOPGIS_GC,GC_BED_FORM_ATT_I,OBJECTORIGIN_YEAR,NUMBER,22.0,,0.0,Y
13.0,TOPGIS_GC,GC_BED_FORM_ATT_I,OBJECTORIGIN_MONTH,NUMBER,22.0,,0.0,Y
14.0,TOPGIS_GC,GC_BED_FORM_ATT_I,RC_ID,NUMBER,22.0,,0.0,Y
15.0,TOPGIS_GC,GC_BED_FORM_ATT_I,WU_ID,NUMBER,22.0,,0.0,Y
16.0,TOPGIS_GC,GC_BED_FORM_ATT_I,RC_ID_CREATION,NUMBER,22.0,,0.0,Y
17.0,TOPGIS_GC,GC_BED_FORM_ATT_I,WU_ID_CREATION,NUMBER,22.0,,0.0,Y
18.0,TOPGIS_GC,GC_BED_FORM_ATT_I,REVISION_QUALITY,NVARCHAR2,30.0,,,Y
19.0,TOPGIS_GC,GC_BED_FORM_ATT_I,ORIGINAL_ORIGIN,NUMBER,22.0,,0.0,Y
20.0,TOPGIS_GC,GC_BED_FORM_ATT_I,INTEGRATION_OBJECT_UUID,CHAR,38.0,,,Y
21.0,TOPGIS_GC,GC_BED_FORM_ATT_I,FMAT_META_MINERAL1,NUMBER,22.0,,0.0,Y
22.0,TOPGIS_GC,GC_BED_FORM_ATT_I,FMAT_META_MINERAL2,NUMBER,22.0,,0.0,Y
23.0,TOPGIS_GC,GC_BED_FORM_ATT_I,FMAT_META_MINERAL3,NUMBER,22.0,,0.0,Y
24.0,TOPGIS_GC,GC_BED_FORM_ATT_I,FMAT_META_STR1,NUMBER,22.0,,0.0,Y
25.0,TOPGIS_GC,GC_BED_FORM_ATT_I,FMAT_META_STR2,NUMBER,22.0,,0.0,Y
26.0,TOPGIS_GC,GC_BED_FORM_ATT_I,FMAT_META_STR3,NUMBER,22.0,,0.0,Y
27.0,TOPGIS_GC,GC_BED_FORM_ATT_I,FMAT_SEDI_BEDDING1,NUMBER,22.0,,0.0,Y
28.0,TOPGIS_GC,GC_BED_FORM_ATT_I,FMAT_SEDI_BEDDING2,NUMBER,22.0,,0.0,Y
29.0,TOPGIS_GC,GC_BED_FORM_ATT_I,FMAT_SEDI_BOND_MAT,NUMBER,22.0,,0.0,Y
30.0,TOPGIS_GC,GC_BED_FORM_ATT_I,FMAT_SEDI_MAIN_COM,NUMBER,22.0,,0.0,Y
31.0,TOPGIS_GC,GC_BED_FORM_ATT_I,FMAT_SEDI_SECO_COM1,NUMBER,22.0,,0.0,Y
32.0,TOPGIS_GC,GC_BED_FORM_ATT_I,FMAT_SEDI_SECO_COM2,NUMBER,22.0,,0.0,Y
33.0,TOPGIS_GC,GC_BED_FORM_ATT_I,FMAT_SEDI_STR1,NUMBER,22.0,,0.0,Y
34.0,TOPGIS_GC,GC_BED_FORM_ATT_I,FMAT_SEDI_STR2,NUMBER,22.0,,0.0,Y
35.0,TOPGIS_GC,GC_BED_FORM_ATT_I,FMAT_SEDI_TEX1,NUMBER,22.0,,0.0,Y
36.0,TOPGIS_GC,GC_BED_FORM_ATT_I,FMAT_SEDI_TEX2,NUMBER,22.0,,0.0,Y
37.0,TOPGIS_GC,GC_BED_FORM_ATT_I,FMAT_IGNE_TEX,NUMBER,22.0,,0.0,Y
38.0,TOPGIS_GC,GC_BED_FORM_ATT_I,FMAT_IGNE_GRAIN_SI,NUMBER,22.0,,0.0,Y
39.0,TOPGIS_GC,GC_BED_FORM_ATT_I,FMAT_IGNE_AFFINITY,NUMBER,22.0,,0.0,Y
40.0,TOPGIS_GC,GC_BED_FORM_ATT_I,FMAT_META_FULL_NAME,NVARCHAR2,510.0,,,Y
41.0,TOPGIS_GC,GC_BED_FORM_ATT_I,FMAT_LITSTRAT,NUMBER,22.0,,0.0,Y
42.0,TOPGIS_GC,GC_BED_FORM_ATT_I,INTEGRATION_STATUS,NUMBER,22.0,,0.0,Y
43.0,TOPGIS_GC,GC_BED_FORM_ATT_I,INTEGRATION_NOTES,NVARCHAR2,500.0,,,Y
44.0,TOPGIS_GC,GC_BED_FORM_ATT_I,CONFLICT_ROLE,NUMBER,22.0,,0.0,Y
45.0,TOPGIS_GC,GC_BED_FORM_ATT_I,CONFLICT_ID,CHAR,38.0,,,Y
1.0,TOPGIS_GC,GC_CHARCAT,OBJECTID,NUMBER,22.0,,0.0,N
2.0,TOPGIS_GC,GC_CHARCAT,UUID,CHAR,38.0,,,Y
3.0,TOPGIS_GC,GC_CHARCAT,OPERATOR,NVARCHAR2,100.0,,,Y
4.0,TOPGIS_GC,GC_CHARCAT,DATEOFCREATION,DATE,7.0,,,Y
5.0,TOPGIS_GC,GC_CHARCAT,DATEOFCHANGE,DATE,7.0,,,Y
6.0,TOPGIS_GC,GC_CHARCAT,CREATION_YEAR,NUMBER,22.0,,0.0,Y
7.0,TOPGIS_GC,GC_CHARCAT,CREATION_MONTH,NUMBER,22.0,,0.0,Y
8.0,TOPGIS_GC,GC_CHARCAT,REVISION_YEAR,NUMBER,22.0,,0.0,Y
9.0,TOPGIS_GC,GC_CHARCAT,REVISION_MONTH,NUMBER,22.0,,0.0,Y
10.0,TOPGIS_GC,GC_CHARCAT,REASONFORCHANGE,NUMBER,22.0,,0.0,Y
11.0,TOPGIS_GC,GC_CHARCAT,OBJECTORIGIN,NUMBER,22.0,,0.0,Y
12.0,TOPGIS_GC,GC_CHARCAT,OBJECTORIGIN_YEAR,NUMBER,22.0,,0.0,Y
13.0,TOPGIS_GC,GC_CHARCAT,OBJECTORIGIN_MONTH,NUMBER,22.0,,0.0,Y
14.0,TOPGIS_GC,GC_CHARCAT,RC_ID,NUMBER,22.0,,0.0,Y
15.0,TOPGIS_GC,GC_CHARCAT,WU_ID,NUMBER,22.0,,0.0,Y
16.0,TOPGIS_GC,GC_CHARCAT,RC_ID_CREATION,NUMBER,22.0,,0.0,Y
17.0,TOPGIS_GC,GC_CHARCAT,WU_ID_CREATION,NUMBER,22.0,,0.0,Y
18.0,TOPGIS_GC,GC_CHARCAT,REVISION_QUALITY,NVARCHAR2,30.0,,,Y
19.0,TOPGIS_GC,GC_CHARCAT,ORIGINAL_ORIGIN,NUMBER,22.0,,0.0,Y
20.0,TOPGIS_GC,GC_CHARCAT,INTEGRATION_OBJECT_UUID,CHAR,38.0,,,Y
21.0,TOPGIS_GC,GC_CHARCAT,GEOL_CODE,NVARCHAR2,40.0,,,Y
22.0,TOPGIS_GC,GC_CHARCAT,GEOL_CODE_INT,NUMBER,22.0,,0.0,Y
23.0,TOPGIS_GC,GC_CHARCAT,GERMAN,NVARCHAR2,510.0,,,Y
1.0,TOPGIS_GC,GC_CHARCAT_I,OBJECTID,NUMBER,22.0,,0.0,N
2.0,TOPGIS_GC,GC_CHARCAT_I,UUID,CHAR,38.0,,,Y
3.0,TOPGIS_GC,GC_CHARCAT_I,OPERATOR,NVARCHAR2,100.0,,,Y
4.0,TOPGIS_GC,GC_CHARCAT_I,DATEOFCREATION,DATE,7.0,,,Y
5.0,TOPGIS_GC,GC_CHARCAT_I,DATEOFCHANGE,DATE,7.0,,,Y
6.0,TOPGIS_GC,GC_CHARCAT_I,CREATION_YEAR,NUMBER,22.0,,0.0,Y
7.0,TOPGIS_GC,GC_CHARCAT_I,CREATION_MONTH,NUMBER,22.0,,0.0,Y
8.0,TOPGIS_GC,GC_CHARCAT_I,REVISION_YEAR,NUMBER,22.0,,0.0,Y
9.0,TOPGIS_GC,GC_CHARCAT_I,REVISION_MONTH,NUMBER,22.0,,0.0,Y
10.0,TOPGIS_GC,GC_CHARCAT_I,REASONFORCHANGE,NUMBER,22.0,,0.0,Y
11.0,TOPGIS_GC,GC_CHARCAT_I,OBJECTORIGIN,NUMBER,22.0,,0.0,Y
12.0,TOPGIS_GC,GC_CHARCAT_I,OBJECTORIGIN_YEAR,NUMBER,22.0,,0.0,Y
13.0,TOPGIS_GC,GC_CHARCAT_I,OBJECTORIGIN_MONTH,NUMBER,22.0,,0.0,Y
14.0,TOPGIS_GC,GC_CHARCAT_I,RC_ID,NUMBER,22.0,,0.0,Y
15.0,TOPGIS_GC,GC_CHARCAT_I,WU_ID,NUMBER,22.0,,0.0,Y
16.0,TOPGIS_GC,GC_CHARCAT_I,RC_ID_CREATION,NUMBER,22.0,,0.0,Y
17.0,TOPGIS_GC,GC_CHARCAT_I,WU_ID_CREATION,NUMBER,22.0,,0.0,Y
18.0,TOPGIS_GC,GC_CHARCAT_I,REVISION_QUALITY,NVARCHAR2,30.0,,,Y
19.0,TOPGIS_GC,GC_CHARCAT_I,ORIGINAL_ORIGIN,NUMBER,22.0,,0.0,Y
20.0,TOPGIS_GC,GC_CHARCAT_I,INTEGRATION_OBJECT_UUID,CHAR,38.0,,,Y
21.0,TOPGIS_GC,GC_CHARCAT_I,GEOL_CODE,NVARCHAR2,40.0,,,Y
22.0,TOPGIS_GC,GC_CHARCAT_I,GEOL_CODE_INT,NUMBER,22.0,,0.0,Y
23.0,TOPGIS_GC,GC_CHARCAT_I,GERMAN,NVARCHAR2,510.0,,,Y
24.0,TOPGIS_GC,GC_CHARCAT_I,INTEGRATION_STATUS,NUMBER,22.0,,0.0,Y
25.0,TOPGIS_GC,GC_CHARCAT_I,INTEGRATION_NOTES,NVARCHAR2,500.0,,,Y
26.0,TOPGIS_GC,GC_CHARCAT_I,CONFLICT_ROLE,NUMBER,22.0,,0.0,Y
27.0,TOPGIS_GC,GC_CHARCAT_I,CONFLICT_ID,CHAR,38.0,,,Y
1.0,TOPGIS_GC,GC_CHRONO,OBJECTID,NUMBER,22.0,,0.0,N
2.0,TOPGIS_GC,GC_CHRONO,UUID,CHAR,38.0,,,Y
3.0,TOPGIS_GC,GC_CHRONO,OPERATOR,NVARCHAR2,100.0,,,Y
4.0,TOPGIS_GC,GC_CHRONO,DATEOFCREATION,DATE,7.0,,,Y
5.0,TOPGIS_GC,GC_CHRONO,DATEOFCHANGE,DATE,7.0,,,Y
6.0,TOPGIS_GC,GC_CHRONO,CREATION_YEAR,NUMBER,22.0,,0.0,Y
7.0,TOPGIS_GC,GC_CHRONO,CREATION_MONTH,NUMBER,22.0,,0.0,Y
8.0,TOPGIS_GC,GC_CHRONO,REVISION_YEAR,NUMBER,22.0,,0.0,Y
9.0,TOPGIS_GC,GC_CHRONO,REVISION_MONTH,NUMBER,22.0,,0.0,Y
10.0,TOPGIS_GC,GC_CHRONO,REASONFORCHANGE,NUMBER,22.0,,0.0,Y
11.0,TOPGIS_GC,GC_CHRONO,OBJECTORIGIN,NUMBER,22.0,,0.0,Y
12.0,TOPGIS_GC,GC_CHRONO,OBJECTORIGIN_YEAR,NUMBER,22.0,,0.0,Y
13.0,TOPGIS_GC,GC_CHRONO,OBJECTORIGIN_MONTH,NUMBER,22.0,,0.0,Y
14.0,TOPGIS_GC,GC_CHRONO,RC_ID,NUMBER,22.0,,0.0,Y
15.0,TOPGIS_GC,GC_CHRONO,WU_ID,NUMBER,22.0,,0.0,Y
16.0,TOPGIS_GC,GC_CHRONO,RC_ID_CREATION,NUMBER,22.0,,0.0,Y
17.0,TOPGIS_GC,GC_CHRONO,WU_ID_CREATION,NUMBER,22.0,,0.0,Y
18.0,TOPGIS_GC,GC_CHRONO,REVISION_QUALITY,NVARCHAR2,30.0,,,Y
19.0,TOPGIS_GC,GC_CHRONO,ORIGINAL_ORIGIN,NUMBER,22.0,,0.0,Y
20.0,TOPGIS_GC,GC_CHRONO,INTEGRATION_OBJECT_UUID,CHAR,38.0,,,Y
21.0,TOPGIS_GC,GC_CHRONO,GEOL_CODE,NVARCHAR2,40.0,,,Y
22.0,TOPGIS_GC,GC_CHRONO,GEOL_CODE_INT,NUMBER,22.0,,0.0,Y
23.0,TOPGIS_GC,GC_CHRONO,GERMAN,NVARCHAR2,510.0,,,Y
24.0,TOPGIS_GC,GC_CHRONO,TREE_LEVEL,NUMBER,22.0,,0.0,Y
25.0,TOPGIS_GC,GC_CHRONO,PARENT_REF,NUMBER,22.0,,0.0,Y
1.0,TOPGIS_GC,GC_COMPOSIT,OBJECTID,NUMBER,22.0,,0.0,N
2.0,TOPGIS_GC,GC_COMPOSIT,UUID,CHAR,38.0,,,Y
3.0,TOPGIS_GC,GC_COMPOSIT,OPERATOR,NVARCHAR2,100.0,,,Y
4.0,TOPGIS_GC,GC_COMPOSIT,DATEOFCREATION,DATE,7.0,,,Y
5.0,TOPGIS_GC,GC_COMPOSIT,DATEOFCHANGE,DATE,7.0,,,Y
6.0,TOPGIS_GC,GC_COMPOSIT,CREATION_YEAR,NUMBER,22.0,,0.0,Y
7.0,TOPGIS_GC,GC_COMPOSIT,CREATION_MONTH,NUMBER,22.0,,0.0,Y
8.0,TOPGIS_GC,GC_COMPOSIT,REVISION_YEAR,NUMBER,22.0,,0.0,Y
9.0,TOPGIS_GC,GC_COMPOSIT,REVISION_MONTH,NUMBER,22.0,,0.0,Y
10.0,TOPGIS_GC,GC_COMPOSIT,REASONFORCHANGE,NUMBER,22.0,,0.0,Y
11.0,TOPGIS_GC,GC_COMPOSIT,OBJECTORIGIN,NUMBER,22.0,,0.0,Y
12.0,TOPGIS_GC,GC_COMPOSIT,OBJECTORIGIN_YEAR,NUMBER,22.0,,0.0,Y
13.0,TOPGIS_GC,GC_COMPOSIT,OBJECTORIGIN_MONTH,NUMBER,22.0,,0.0,Y
14.0,TOPGIS_GC,GC_COMPOSIT,RC_ID,NUMBER,22.0,,0.0,Y
15.0,TOPGIS_GC,GC_COMPOSIT,WU_ID,NUMBER,22.0,,0.0,Y
16.0,TOPGIS_GC,GC_COMPOSIT,RC_ID_CREATION,NUMBER,22.0,,0.0,Y
17.0,TOPGIS_GC,GC_COMPOSIT,WU_ID_CREATION,NUMBER,22.0,,0.0,Y
18.0,TOPGIS_GC,GC_COMPOSIT,REVISION_QUALITY,NVARCHAR2,30.0,,,Y
19.0,TOPGIS_GC,GC_COMPOSIT,ORIGINAL_ORIGIN,NUMBER,22.0,,0.0,Y
20.0,TOPGIS_GC,GC_COMPOSIT,INTEGRATION_OBJECT_UUID,CHAR,38.0,,,Y
21.0,TOPGIS_GC,GC_COMPOSIT,GEOL_CODE,NVARCHAR2,40.0,,,Y
22.0,TOPGIS_GC,GC_COMPOSIT,GEOL_CODE_INT,NUMBER,22.0,,0.0,Y
23.0,TOPGIS_GC,GC_COMPOSIT,GERMAN,NVARCHAR2,510.0,,,Y
1.0,TOPGIS_GC,GC_COMPOSIT_I,OBJECTID,NUMBER,22.0,,0.0,N
2.0,TOPGIS_GC,GC_COMPOSIT_I,UUID,CHAR,38.0,,,Y
3.0,TOPGIS_GC,GC_COMPOSIT_I,OPERATOR,NVARCHAR2,100.0,,,Y
4.0,TOPGIS_GC,GC_COMPOSIT_I,DATEOFCREATION,DATE,7.0,,,Y
5.0,TOPGIS_GC,GC_COMPOSIT_I,DATEOFCHANGE,DATE,7.0,,,Y
6.0,TOPGIS_GC,GC_COMPOSIT_I,CREATION_YEAR,NUMBER,22.0,,0.0,Y
7.0,TOPGIS_GC,GC_COMPOSIT_I,CREATION_MONTH,NUMBER,22.0,,0.0,Y
8.0,TOPGIS_GC,GC_COMPOSIT_I,REVISION_YEAR,NUMBER,22.0,,0.0,Y
9.0,TOPGIS_GC,GC_COMPOSIT_I,REVISION_MONTH,NUMBER,22.0,,0.0,Y
10.0,TOPGIS_GC,GC_COMPOSIT_I,REASONFORCHANGE,NUMBER,22.0,,0.0,Y
11.0,TOPGIS_GC,GC_COMPOSIT_I,OBJECTORIGIN,NUMBER,22.0,,0.0,Y
12.0,TOPGIS_GC,GC_COMPOSIT_I,OBJECTORIGIN_YEAR,NUMBER,22.0,,0.0,Y
13.0,TOPGIS_GC,GC_COMPOSIT_I,OBJECTORIGIN_MONTH,NUMBER,22.0,,0.0,Y
14.0,TOPGIS_GC,GC_COMPOSIT_I,RC_ID,NUMBER,22.0,,0.0,Y
15.0,TOPGIS_GC,GC_COMPOSIT_I,WU_ID,NUMBER,22.0,,0.0,Y
16.0,TOPGIS_GC,GC_COMPOSIT_I,RC_ID_CREATION,NUMBER,22.0,,0.0,Y
17.0,TOPGIS_GC,GC_COMPOSIT_I,WU_ID_CREATION,NUMBER,22.0,,0.0,Y
18.0,TOPGIS_GC,GC_COMPOSIT_I,REVISION_QUALITY,NVARCHAR2,30.0,,,Y
19.0,TOPGIS_GC,GC_COMPOSIT_I,ORIGINAL_ORIGIN,NUMBER,22.0,,0.0,Y
20.0,TOPGIS_GC,GC_COMPOSIT_I,INTEGRATION_OBJECT_UUID,CHAR,38.0,,,Y
21.0,TOPGIS_GC,GC_COMPOSIT_I,GEOL_CODE,NVARCHAR2,40.0,,,Y
22.0,TOPGIS_GC,GC_COMPOSIT_I,GEOL_CODE_INT,NUMBER,22.0,,0.0,Y
23.0,TOPGIS_GC,GC_COMPOSIT_I,GERMAN,NVARCHAR2,510.0,,,Y
24.0,TOPGIS_GC,GC_COMPOSIT_I,INTEGRATION_STATUS,NUMBER,22.0,,0.0,Y
25.0,TOPGIS_GC,GC_COMPOSIT_I,INTEGRATION_NOTES,NVARCHAR2,500.0,,,Y
26.0,TOPGIS_GC,GC_COMPOSIT_I,CONFLICT_ROLE,NUMBER,22.0,,0.0,Y
27.0,TOPGIS_GC,GC_COMPOSIT_I,CONFLICT_ID,CHAR,38.0,,,Y
1.0,TOPGIS_GC,GC_CONFLICT_POLYGON,OBJECTID,NUMBER,22.0,,0.0,N
2.0,TOPGIS_GC,GC_CONFLICT_POLYGON,UUID,CHAR,38.0,,,Y
3.0,TOPGIS_GC,GC_CONFLICT_POLYGON,OPERATOR,NVARCHAR2,100.0,,,Y
4.0,TOPGIS_GC,GC_CONFLICT_POLYGON,DATEOFCREATION,DATE,7.0,,,Y
5.0,TOPGIS_GC,GC_CONFLICT_POLYGON,DATEOFCHANGE,DATE,7.0,,,Y
6.0,TOPGIS_GC,GC_CONFLICT_POLYGON,RC_ID,NUMBER,22.0,,0.0,Y
7.0,TOPGIS_GC,GC_CONFLICT_POLYGON,WU_ID,NUMBER,22.0,,0.0,Y
8.0,TOPGIS_GC,GC_CONFLICT_POLYGON,RESOLUTION_STATUS,NUMBER,22.0,,0.0,Y
9.0,TOPGIS_GC,GC_CONFLICT_POLYGON,REVISION_STATUS,NUMBER,22.0,,0.0,Y
10.0,TOPGIS_GC,GC_CONFLICT_POLYGON,BESCHREIBUNG,NVARCHAR2,4000.0,,,Y
11.0,TOPGIS_GC,GC_CONFLICT_POLYGON,CONFLICT_DATASET,NVARCHAR2,200.0,,,Y
12.0,TOPGIS_GC,GC_CONFLICT_POLYGON,CONFLICT_OBJECT_UUID,CHAR,38.0,,,Y
13.0,TOPGIS_GC,GC_CONFLICT_POLYGON,MASSNAHME,NVARCHAR2,2000.0,,,Y
14.0,TOPGIS_GC,GC_CONFLICT_POLYGON,SHAPE,ST_GEOMETRY,256.0,,,Y
1.0,TOPGIS_GC,GC_CONFLICT_ROW,OBJECTID,NUMBER,22.0,,0.0,N
2.0,TOPGIS_GC,GC_CONFLICT_ROW,UUID,CHAR,38.0,,,Y
3.0,TOPGIS_GC,GC_CONFLICT_ROW,OPERATOR,NVARCHAR2,100.0,,,Y
4.0,TOPGIS_GC,GC_CONFLICT_ROW,DATEOFCREATION,DATE,7.0,,,Y
5.0,TOPGIS_GC,GC_CONFLICT_ROW,DATEOFCHANGE,DATE,7.0,,,Y
6.0,TOPGIS_GC,GC_CONFLICT_ROW,RC_ID,NUMBER,22.0,,0.0,Y
7.0,TOPGIS_GC,GC_CONFLICT_ROW,WU_ID,NUMBER,22.0,,0.0,Y
8.0,TOPGIS_GC,GC_CONFLICT_ROW,RESOLUTION_STATUS,NUMBER,22.0,,0.0,Y
9.0,TOPGIS_GC,GC_CONFLICT_ROW,REVISION_STATUS,NUMBER,22.0,,0.0,Y
10.0,TOPGIS_GC,GC_CONFLICT_ROW,BESCHREIBUNG,NVARCHAR2,4000.0,,,Y
11.0,TOPGIS_GC,GC_CONFLICT_ROW,CONFLICT_DATASET,NVARCHAR2,200.0,,,Y
12.0,TOPGIS_GC,GC_CONFLICT_ROW,CONFLICT_OBJECT_UUID,CHAR,38.0,,,Y
13.0,TOPGIS_GC,GC_CONFLICT_ROW,MASSNAHME,NVARCHAR2,2000.0,,,Y
1.0,TOPGIS_GC,GC_ERRORS_LINE,OBJECTID,NUMBER,22.0,,0.0,N
2.0,TOPGIS_GC,GC_ERRORS_LINE,OPERATOR,NVARCHAR2,100.0,,,Y
3.0,TOPGIS_GC,GC_ERRORS_LINE,DATEOFCREATION,DATE,7.0,,,Y
4.0,TOPGIS_GC,GC_ERRORS_LINE,DATEOFCHANGE,DATE,7.0,,,Y
5.0,TOPGIS_GC,GC_ERRORS_LINE,RC_ID,NUMBER,22.0,,0.0,Y
6.0,TOPGIS_GC,GC_ERRORS_LINE,WU_ID,NUMBER,22.0,,0.0,Y
7.0,TOPGIS_GC,GC_ERRORS_LINE,QC_ID,NUMBER,22.0,,0.0,Y
8.0,TOPGIS_GC,GC_ERRORS_LINE,QC_NAME,NVARCHAR2,256.0,,,Y
9.0,TOPGIS_GC,GC_ERRORS_LINE,QC_PARAMETER,NVARCHAR2,4000.0,,,Y
10.0,TOPGIS_GC,GC_ERRORS_LINE,STATUS,NUMBER,22.0,,0.0,Y
11.0,TOPGIS_GC,GC_ERRORS_LINE,BESCHREIBUNG,NVARCHAR2,4000.0,,,Y
12.0,TOPGIS_GC,GC_ERRORS_LINE,OBJEKTE,NVARCHAR2,4000.0,,,Y
13.0,TOPGIS_GC,GC_ERRORS_LINE,FEHLERART,NUMBER,22.0,,0.0,Y
14.0,TOPGIS_GC,GC_ERRORS_LINE,QC_VERSION_ID,NUMBER,22.0,,0.0,Y
15.0,TOPGIS_GC,GC_ERRORS_LINE,SHAPE,ST_GEOMETRY,256.0,,,Y
1.0,TOPGIS_GC,GC_ERRORS_MULTIPOINT,OBJECTID,NUMBER,22.0,,0.0,N
2.0,TOPGIS_GC,GC_ERRORS_MULTIPOINT,OPERATOR,NVARCHAR2,100.0,,,Y
3.0,TOPGIS_GC,GC_ERRORS_MULTIPOINT,DATEOFCREATION,DATE,7.0,,,Y
4.0,TOPGIS_GC,GC_ERRORS_MULTIPOINT,DATEOFCHANGE,DATE,7.0,,,Y
5.0,TOPGIS_GC,GC_ERRORS_MULTIPOINT,RC_ID,NUMBER,22.0,,0.0,Y
6.0,TOPGIS_GC,GC_ERRORS_MULTIPOINT,WU_ID,NUMBER,22.0,,0.0,Y
7.0,TOPGIS_GC,GC_ERRORS_MULTIPOINT,QC_ID,NUMBER,22.0,,0.0,Y
8.0,TOPGIS_GC,GC_ERRORS_MULTIPOINT,QC_NAME,NVARCHAR2,256.0,,,Y
9.0,TOPGIS_GC,GC_ERRORS_MULTIPOINT,QC_PARAMETER,NVARCHAR2,4000.0,,,Y
10.0,TOPGIS_GC,GC_ERRORS_MULTIPOINT,STATUS,NUMBER,22.0,,0.0,Y
11.0,TOPGIS_GC,GC_ERRORS_MULTIPOINT,BESCHREIBUNG,NVARCHAR2,4000.0,,,Y
12.0,TOPGIS_GC,GC_ERRORS_MULTIPOINT,OBJEKTE,NVARCHAR2,4000.0,,,Y
13.0,TOPGIS_GC,GC_ERRORS_MULTIPOINT,FEHLERART,NUMBER,22.0,,0.0,Y
14.0,TOPGIS_GC,GC_ERRORS_MULTIPOINT,QC_VERSION_ID,NUMBER,22.0,,0.0,Y
15.0,TOPGIS_GC,GC_ERRORS_MULTIPOINT,SHAPE,ST_GEOMETRY,256.0,,,Y
1.0,TOPGIS_GC,GC_ERRORS_POLYGON,OBJECTID,NUMBER,22.0,,0.0,N
2.0,TOPGIS_GC,GC_ERRORS_POLYGON,OPERATOR,NVARCHAR2,100.0,,,Y
3.0,TOPGIS_GC,GC_ERRORS_POLYGON,DATEOFCREATION,DATE,7.0,,,Y
4.0,TOPGIS_GC,GC_ERRORS_POLYGON,DATEOFCHANGE,DATE,7.0,,,Y
5.0,TOPGIS_GC,GC_ERRORS_POLYGON,RC_ID,NUMBER,22.0,,0.0,Y
6.0,TOPGIS_GC,GC_ERRORS_POLYGON,WU_ID,NUMBER,22.0,,0.0,Y
7.0,TOPGIS_GC,GC_ERRORS_POLYGON,QC_ID,NUMBER,22.0,,0.0,Y
8.0,TOPGIS_GC,GC_ERRORS_POLYGON,QC_NAME,NVARCHAR2,256.0,,,Y
9.0,TOPGIS_GC,GC_ERRORS_POLYGON,QC_PARAMETER,NVARCHAR2,4000.0,,,Y
10.0,TOPGIS_GC,GC_ERRORS_POLYGON,STATUS,NUMBER,22.0,,0.0,Y
11.0,TOPGIS_GC,GC_ERRORS_POLYGON,BESCHREIBUNG,NVARCHAR2,4000.0,,,Y
12.0,TOPGIS_GC,GC_ERRORS_POLYGON,OBJEKTE,NVARCHAR2,4000.0,,,Y
13.0,TOPGIS_GC,GC_ERRORS_POLYGON,FEHLERART,NUMBER,22.0,,0.0,Y
14.0,TOPGIS_GC,GC_ERRORS_POLYGON,QC_VERSION_ID,NUMBER,22.0,,0.0,Y
15.0,TOPGIS_GC,GC_ERRORS_POLYGON,SHAPE,ST_GEOMETRY,256.0,,,Y
1.0,TOPGIS_GC,GC_ERRORS_ROW,OBJECTID,NUMBER,22.0,,0.0,N
2.0,TOPGIS_GC,GC_ERRORS_ROW,OPERATOR,NVARCHAR2,100.0,,,Y
3.0,TOPGIS_GC,GC_ERRORS_ROW,DATEOFCREATION,DATE,7.0,,,Y
4.0,TOPGIS_GC,GC_ERRORS_ROW,DATEOFCHANGE,DATE,7.0,,,Y
5.0,TOPGIS_GC,GC_ERRORS_ROW,RC_ID,NUMBER,22.0,,0.0,Y
6.0,TOPGIS_GC,GC_ERRORS_ROW,WU_ID,NUMBER,22.0,,0.0,Y
7.0,TOPGIS_GC,GC_ERRORS_ROW,QC_ID,NUMBER,22.0,,0.0,Y
8.0,TOPGIS_GC,GC_ERRORS_ROW,QC_NAME,NVARCHAR2,256.0,,,Y
9.0,TOPGIS_GC,GC_ERRORS_ROW,QC_PARAMETER,NVARCHAR2,4000.0,,,Y
10.0,TOPGIS_GC,GC_ERRORS_ROW,STATUS,NUMBER,22.0,,0.0,Y
11.0,TOPGIS_GC,GC_ERRORS_ROW,BESCHREIBUNG,NVARCHAR2,4000.0,,,Y
12.0,TOPGIS_GC,GC_ERRORS_ROW,OBJEKTE,NVARCHAR2,4000.0,,,Y
13.0,TOPGIS_GC,GC_ERRORS_ROW,FEHLERART,NUMBER,22.0,,0.0,Y
14.0,TOPGIS_GC,GC_ERRORS_ROW,QC_VERSION_ID,NUMBER,22.0,,0.0,Y
1.0,TOPGIS_GC,GC_EXPLOIT_GEOMAT_PLG,OBJECTID,NUMBER,22.0,,0.0,N
2.0,TOPGIS_GC,GC_EXPLOIT_GEOMAT_PLG,UUID,CHAR,38.0,,,Y
3.0,TOPGIS_GC,GC_EXPLOIT_GEOMAT_PLG,OPERATOR,NVARCHAR2,100.0,,,Y
4.0,TOPGIS_GC,GC_EXPLOIT_GEOMAT_PLG,DATEOFCREATION,DATE,7.0,,,Y
5.0,TOPGIS_GC,GC_EXPLOIT_GEOMAT_PLG,DATEOFCHANGE,DATE,7.0,,,Y
6.0,TOPGIS_GC,GC_EXPLOIT_GEOMAT_PLG,CREATION_YEAR,NUMBER,22.0,,0.0,Y
7.0,TOPGIS_GC,GC_EXPLOIT_GEOMAT_PLG,CREATION_MONTH,NUMBER,22.0,,0.0,Y
8.0,TOPGIS_GC,GC_EXPLOIT_GEOMAT_PLG,REVISION_YEAR,NUMBER,22.0,,0.0,Y
9.0,TOPGIS_GC,GC_EXPLOIT_GEOMAT_PLG,REVISION_MONTH,NUMBER,22.0,,0.0,Y
10.0,TOPGIS_GC,GC_EXPLOIT_GEOMAT_PLG,REASONFORCHANGE,NUMBER,22.0,,0.0,Y
11.0,TOPGIS_GC,GC_EXPLOIT_GEOMAT_PLG,OBJECTORIGIN,NUMBER,22.0,,0.0,Y
12.0,TOPGIS_GC,GC_EXPLOIT_GEOMAT_PLG,OBJECTORIGIN_YEAR,NUMBER,22.0,,0.0,Y
13.0,TOPGIS_GC,GC_EXPLOIT_GEOMAT_PLG,OBJECTORIGIN_MONTH,NUMBER,22.0,,0.0,Y
14.0,TOPGIS_GC,GC_EXPLOIT_GEOMAT_PLG,KIND,NUMBER,22.0,,0.0,Y
15.0,TOPGIS_GC,GC_EXPLOIT_GEOMAT_PLG,RC_ID,NUMBER,22.0,,0.0,Y
16.0,TOPGIS_GC,GC_EXPLOIT_GEOMAT_PLG,WU_ID,NUMBER,22.0,,0.0,Y
17.0,TOPGIS_GC,GC_EXPLOIT_GEOMAT_PLG,RC_ID_CREATION,NUMBER,22.0,,0.0,Y
18.0,TOPGIS_GC,GC_EXPLOIT_GEOMAT_PLG,WU_ID_CREATION,NUMBER,22.0,,0.0,Y
19.0,TOPGIS_GC,GC_EXPLOIT_GEOMAT_PLG,REVISION_QUALITY,NVARCHAR2,30.0,,,Y
20.0,TOPGIS_GC,GC_EXPLOIT_GEOMAT_PLG,ORIGINAL_ORIGIN,NUMBER,22.0,,0.0,Y
21.0,TOPGIS_GC,GC_EXPLOIT_GEOMAT_PLG,INTEGRATION_OBJECT_UUID,CHAR,38.0,,,Y
22.0,TOPGIS_GC,GC_EXPLOIT_GEOMAT_PLG,MORE_INFO,NVARCHAR2,510.0,,,Y
23.0,TOPGIS_GC,GC_EXPLOIT_GEOMAT_PLG,SYMBOL,NVARCHAR2,20.0,,,Y
24.0,TOPGIS_GC,GC_EXPLOIT_GEOMAT_PLG,AEXP_STATUS,NUMBER,22.0,,0.0,Y
25.0,TOPGIS_GC,GC_EXPLOIT_GEOMAT_PLG,AEXP_TARG_MAT,NUMBER,22.0,,0.0,Y
26.0,TOPGIS_GC,GC_EXPLOIT_GEOMAT_PLG,SHAPE,ST_GEOMETRY,256.0,,,Y
1.0,TOPGIS_GC,GC_EXPLOIT_GEOMAT_PLG_I,OBJECTID,NUMBER,22.0,,0.0,N
2.0,TOPGIS_GC,GC_EXPLOIT_GEOMAT_PLG_I,UUID,CHAR,38.0,,,Y
3.0,TOPGIS_GC,GC_EXPLOIT_GEOMAT_PLG_I,OPERATOR,NVARCHAR2,100.0,,,Y
4.0,TOPGIS_GC,GC_EXPLOIT_GEOMAT_PLG_I,DATEOFCREATION,DATE,7.0,,,Y
5.0,TOPGIS_GC,GC_EXPLOIT_GEOMAT_PLG_I,DATEOFCHANGE,DATE,7.0,,,Y
6.0,TOPGIS_GC,GC_EXPLOIT_GEOMAT_PLG_I,CREATION_YEAR,NUMBER,22.0,,0.0,Y
7.0,TOPGIS_GC,GC_EXPLOIT_GEOMAT_PLG_I,CREATION_MONTH,NUMBER,22.0,,0.0,Y
8.0,TOPGIS_GC,GC_EXPLOIT_GEOMAT_PLG_I,REVISION_YEAR,NUMBER,22.0,,0.0,Y
9.0,TOPGIS_GC,GC_EXPLOIT_GEOMAT_PLG_I,REVISION_MONTH,NUMBER,22.0,,0.0,Y
10.0,TOPGIS_GC,GC_EXPLOIT_GEOMAT_PLG_I,REASONFORCHANGE,NUMBER,22.0,,0.0,Y
11.0,TOPGIS_GC,GC_EXPLOIT_GEOMAT_PLG_I,OBJECTORIGIN,NUMBER,22.0,,0.0,Y
12.0,TOPGIS_GC,GC_EXPLOIT_GEOMAT_PLG_I,OBJECTORIGIN_YEAR,NUMBER,22.0,,0.0,Y
13.0,TOPGIS_GC,GC_EXPLOIT_GEOMAT_PLG_I,OBJECTORIGIN_MONTH,NUMBER,22.0,,0.0,Y
14.0,TOPGIS_GC,GC_EXPLOIT_GEOMAT_PLG_I,KIND,NUMBER,22.0,,0.0,Y
15.0,TOPGIS_GC,GC_EXPLOIT_GEOMAT_PLG_I,RC_ID,NUMBER,22.0,,0.0,Y
16.0,TOPGIS_GC,GC_EXPLOIT_GEOMAT_PLG_I,WU_ID,NUMBER,22.0,,0.0,Y
17.0,TOPGIS_GC,GC_EXPLOIT_GEOMAT_PLG_I,RC_ID_CREATION,NUMBER,22.0,,0.0,Y
18.0,TOPGIS_GC,GC_EXPLOIT_GEOMAT_PLG_I,WU_ID_CREATION,NUMBER,22.0,,0.0,Y
19.0,TOPGIS_GC,GC_EXPLOIT_GEOMAT_PLG_I,REVISION_QUALITY,NVARCHAR2,30.0,,,Y
20.0,TOPGIS_GC,GC_EXPLOIT_GEOMAT_PLG_I,ORIGINAL_ORIGIN,NUMBER,22.0,,0.0,Y
21.0,TOPGIS_GC,GC_EXPLOIT_GEOMAT_PLG_I,MORE_INFO,NVARCHAR2,510.0,,,Y
22.0,TOPGIS_GC,GC_EXPLOIT_GEOMAT_PLG_I,SYMBOL,NVARCHAR2,20.0,,,Y
23.0,TOPGIS_GC,GC_EXPLOIT_GEOMAT_PLG_I,AEXP_STATUS,NUMBER,22.0,,0.0,Y
24.0,TOPGIS_GC,GC_EXPLOIT_GEOMAT_PLG_I,AEXP_TARG_MAT,NUMBER,22.0,,0.0,Y
25.0,TOPGIS_GC,GC_EXPLOIT_GEOMAT_PLG_I,INTEGRATION_STATUS,NUMBER,22.0,,0.0,Y
26.0,TOPGIS_GC,GC_EXPLOIT_GEOMAT_PLG_I,INTEGRATION_NOTES,NVARCHAR2,500.0,,,Y
27.0,TOPGIS_GC,GC_EXPLOIT_GEOMAT_PLG_I,CONFLICT_ROLE,NUMBER,22.0,,0.0,Y
28.0,TOPGIS_GC,GC_EXPLOIT_GEOMAT_PLG_I,CONFLICT_ID,CHAR,38.0,,,Y
29.0,TOPGIS_GC,GC_EXPLOIT_GEOMAT_PLG_I,SHAPE,ST_GEOMETRY,256.0,,,Y
1.0,TOPGIS_GC,GC_EXPLOIT_GEOMAT_PT,OBJECTID,NUMBER,22.0,,0.0,N
2.0,TOPGIS_GC,GC_EXPLOIT_GEOMAT_PT,UUID,CHAR,38.0,,,Y
3.0,TOPGIS_GC,GC_EXPLOIT_GEOMAT_PT,OPERATOR,NVARCHAR2,100.0,,,Y
4.0,TOPGIS_GC,GC_EXPLOIT_GEOMAT_PT,DATEOFCREATION,DATE,7.0,,,Y
5.0,TOPGIS_GC,GC_EXPLOIT_GEOMAT_PT,DATEOFCHANGE,DATE,7.0,,,Y
6.0,TOPGIS_GC,GC_EXPLOIT_GEOMAT_PT,CREATION_YEAR,NUMBER,22.0,,0.0,Y
7.0,TOPGIS_GC,GC_EXPLOIT_GEOMAT_PT,CREATION_MONTH,NUMBER,22.0,,0.0,Y
8.0,TOPGIS_GC,GC_EXPLOIT_GEOMAT_PT,REVISION_YEAR,NUMBER,22.0,,0.0,Y
9.0,TOPGIS_GC,GC_EXPLOIT_GEOMAT_PT,REVISION_MONTH,NUMBER,22.0,,0.0,Y
10.0,TOPGIS_GC,GC_EXPLOIT_GEOMAT_PT,REASONFORCHANGE,NUMBER,22.0,,0.0,Y
11.0,TOPGIS_GC,GC_EXPLOIT_GEOMAT_PT,OBJECTORIGIN,NUMBER,22.0,,0.0,Y
12.0,TOPGIS_GC,GC_EXPLOIT_GEOMAT_PT,OBJECTORIGIN_YEAR,NUMBER,22.0,,0.0,Y
13.0,TOPGIS_GC,GC_EXPLOIT_GEOMAT_PT,OBJECTORIGIN_MONTH,NUMBER,22.0,,0.0,Y
14.0,TOPGIS_GC,GC_EXPLOIT_GEOMAT_PT,KIND,NUMBER,22.0,,0.0,Y
15.0,TOPGIS_GC,GC_EXPLOIT_GEOMAT_PT,RC_ID,NUMBER,22.0,,0.0,Y
16.0,TOPGIS_GC,GC_EXPLOIT_GEOMAT_PT,WU_ID,NUMBER,22.0,,0.0,Y
17.0,TOPGIS_GC,GC_EXPLOIT_GEOMAT_PT,RC_ID_CREATION,NUMBER,22.0,,0.0,Y
18.0,TOPGIS_GC,GC_EXPLOIT_GEOMAT_PT,WU_ID_CREATION,NUMBER,22.0,,0.0,Y
19.0,TOPGIS_GC,GC_EXPLOIT_GEOMAT_PT,REVISION_QUALITY,NVARCHAR2,30.0,,,Y
20.0,TOPGIS_GC,GC_EXPLOIT_GEOMAT_PT,ORIGINAL_ORIGIN,NUMBER,22.0,,0.0,Y
21.0,TOPGIS_GC,GC_EXPLOIT_GEOMAT_PT,INTEGRATION_OBJECT_UUID,CHAR,38.0,,,Y
22.0,TOPGIS_GC,GC_EXPLOIT_GEOMAT_PT,MORE_INFO,NVARCHAR2,510.0,,,Y
23.0,TOPGIS_GC,GC_EXPLOIT_GEOMAT_PT,SYMBOL,NVARCHAR2,20.0,,,Y
24.0,TOPGIS_GC,GC_EXPLOIT_GEOMAT_PT,AEXP_STATUS,NUMBER,22.0,,0.0,Y
25.0,TOPGIS_GC,GC_EXPLOIT_GEOMAT_PT,AEXP_TARG_MAT,NUMBER,22.0,,0.0,Y
26.0,TOPGIS_GC,GC_EXPLOIT_GEOMAT_PT,AEXP_DEPTH_TOT,NUMBER,22.0,38.0,8.0,Y
27.0,TOPGIS_GC,GC_EXPLOIT_GEOMAT_PT,SHAPE,ST_GEOMETRY,256.0,,,Y
28.0,TOPGIS_GC,GC_EXPLOIT_GEOMAT_PT,PRINTED,NUMBER,22.0,,0.0,Y
1.0,TOPGIS_GC,GC_EXPLOIT_GEOMAT_PT_I,OBJECTID,NUMBER,22.0,,0.0,N
2.0,TOPGIS_GC,GC_EXPLOIT_GEOMAT_PT_I,UUID,CHAR,38.0,,,Y
3.0,TOPGIS_GC,GC_EXPLOIT_GEOMAT_PT_I,OPERATOR,NVARCHAR2,100.0,,,Y
4.0,TOPGIS_GC,GC_EXPLOIT_GEOMAT_PT_I,DATEOFCREATION,DATE,7.0,,,Y
5.0,TOPGIS_GC,GC_EXPLOIT_GEOMAT_PT_I,DATEOFCHANGE,DATE,7.0,,,Y
6.0,TOPGIS_GC,GC_EXPLOIT_GEOMAT_PT_I,CREATION_YEAR,NUMBER,22.0,,0.0,Y
7.0,TOPGIS_GC,GC_EXPLOIT_GEOMAT_PT_I,CREATION_MONTH,NUMBER,22.0,,0.0,Y
8.0,TOPGIS_GC,GC_EXPLOIT_GEOMAT_PT_I,REVISION_YEAR,NUMBER,22.0,,0.0,Y
9.0,TOPGIS_GC,GC_EXPLOIT_GEOMAT_PT_I,REVISION_MONTH,NUMBER,22.0,,0.0,Y
10.0,TOPGIS_GC,GC_EXPLOIT_GEOMAT_PT_I,REASONFORCHANGE,NUMBER,22.0,,0.0,Y
11.0,TOPGIS_GC,GC_EXPLOIT_GEOMAT_PT_I,OBJECTORIGIN,NUMBER,22.0,,0.0,Y
12.0,TOPGIS_GC,GC_EXPLOIT_GEOMAT_PT_I,OBJECTORIGIN_YEAR,NUMBER,22.0,,0.0,Y
13.0,TOPGIS_GC,GC_EXPLOIT_GEOMAT_PT_I,OBJECTORIGIN_MONTH,NUMBER,22.0,,0.0,Y
14.0,TOPGIS_GC,GC_EXPLOIT_GEOMAT_PT_I,KIND,NUMBER,22.0,,0.0,Y
15.0,TOPGIS_GC,GC_EXPLOIT_GEOMAT_PT_I,RC_ID,NUMBER,22.0,,0.0,Y
16.0,TOPGIS_GC,GC_EXPLOIT_GEOMAT_PT_I,WU_ID,NUMBER,22.0,,0.0,Y
17.0,TOPGIS_GC,GC_EXPLOIT_GEOMAT_PT_I,RC_ID_CREATION,NUMBER,22.0,,0.0,Y
18.0,TOPGIS_GC,GC_EXPLOIT_GEOMAT_PT_I,WU_ID_CREATION,NUMBER,22.0,,0.0,Y
19.0,TOPGIS_GC,GC_EXPLOIT_GEOMAT_PT_I,REVISION_QUALITY,NVARCHAR2,30.0,,,Y
20.0,TOPGIS_GC,GC_EXPLOIT_GEOMAT_PT_I,ORIGINAL_ORIGIN,NUMBER,22.0,,0.0,Y
21.0,TOPGIS_GC,GC_EXPLOIT_GEOMAT_PT_I,MORE_INFO,NVARCHAR2,510.0,,,Y
22.0,TOPGIS_GC,GC_EXPLOIT_GEOMAT_PT_I,SYMBOL,NVARCHAR2,20.0,,,Y
23.0,TOPGIS_GC,GC_EXPLOIT_GEOMAT_PT_I,AEXP_STATUS,NUMBER,22.0,,0.0,Y
24.0,TOPGIS_GC,GC_EXPLOIT_GEOMAT_PT_I,AEXP_TARG_MAT,NUMBER,22.0,,0.0,Y
25.0,TOPGIS_GC,GC_EXPLOIT_GEOMAT_PT_I,AEXP_DEPTH_TOT,NUMBER,22.0,38.0,8.0,Y
26.0,TOPGIS_GC,GC_EXPLOIT_GEOMAT_PT_I,INTEGRATION_STATUS,NUMBER,22.0,,0.0,Y
27.0,TOPGIS_GC,GC_EXPLOIT_GEOMAT_PT_I,INTEGRATION_NOTES,NVARCHAR2,500.0,,,Y
28.0,TOPGIS_GC,GC_EXPLOIT_GEOMAT_PT_I,CONFLICT_ROLE,NUMBER,22.0,,0.0,Y
29.0,TOPGIS_GC,GC_EXPLOIT_GEOMAT_PT_I,CONFLICT_ID,CHAR,38.0,,,Y
30.0,TOPGIS_GC,GC_EXPLOIT_GEOMAT_PT_I,SHAPE,ST_GEOMETRY,256.0,,,Y
31.0,TOPGIS_GC,GC_EXPLOIT_GEOMAT_PT_I,PRINTED,NUMBER,22.0,,0.0,Y
1.0,TOPGIS_GC,GC_EX_GEO_PLG_EXP_UNIT_GC_LI,RID,NUMBER,22.0,,0.0,N
2.0,TOPGIS_GC,GC_EX_GEO_PLG_EXP_UNIT_GC_LI,GC_EXPLOIT_GEOMAT_PLG_UUID,CHAR,38.0,,,Y
3.0,TOPGIS_GC,GC_EX_GEO_PLG_EXP_UNIT_GC_LI,GC_LITSTRAT_UUID,CHAR,38.0,,,Y
1.0,TOPGIS_GC,GC_EX_GEO_PLG_EXP_UNIT_GC_LI_I,RID,NUMBER,22.0,,0.0,N
2.0,TOPGIS_GC,GC_EX_GEO_PLG_EXP_UNIT_GC_LI_I,GC_EXPLOIT_GEOMAT_PLG_UUID,CHAR,38.0,,,Y
3.0,TOPGIS_GC,GC_EX_GEO_PLG_EXP_UNIT_GC_LI_I,GC_LITSTRAT_UUID,CHAR,38.0,,,Y
1.0,TOPGIS_GC,GC_EX_GEO_PNT_EXP_UNIT_GC_LI,RID,NUMBER,22.0,,0.0,N
2.0,TOPGIS_GC,GC_EX_GEO_PNT_EXP_UNIT_GC_LI,GC_EXPLOIT_GEOMAT_PT_UUID,CHAR,38.0,,,Y
3.0,TOPGIS_GC,GC_EX_GEO_PNT_EXP_UNIT_GC_LI,GC_LITSTRAT_UUID,CHAR,38.0,,,Y
1.0,TOPGIS_GC,GC_EX_GEO_PNT_EXP_UNIT_GC_LI_I,RID,NUMBER,22.0,,0.0,N
2.0,TOPGIS_GC,GC_EX_GEO_PNT_EXP_UNIT_GC_LI_I,GC_EXPLOIT_GEOMAT_PT_UUID,CHAR,38.0,,,Y
3.0,TOPGIS_GC,GC_EX_GEO_PNT_EXP_UNIT_GC_LI_I,GC_LITSTRAT_UUID,CHAR,38.0,,,Y
1.0,TOPGIS_GC,GC_FOSSILS,OBJECTID,NUMBER,22.0,,0.0,N
2.0,TOPGIS_GC,GC_FOSSILS,UUID,CHAR,38.0,,,Y
3.0,TOPGIS_GC,GC_FOSSILS,OPERATOR,NVARCHAR2,100.0,,,Y
4.0,TOPGIS_GC,GC_FOSSILS,DATEOFCREATION,DATE,7.0,,,Y
5.0,TOPGIS_GC,GC_FOSSILS,DATEOFCHANGE,DATE,7.0,,,Y
6.0,TOPGIS_GC,GC_FOSSILS,CREATION_YEAR,NUMBER,22.0,,0.0,Y
7.0,TOPGIS_GC,GC_FOSSILS,CREATION_MONTH,NUMBER,22.0,,0.0,Y
8.0,TOPGIS_GC,GC_FOSSILS,REVISION_YEAR,NUMBER,22.0,,0.0,Y
9.0,TOPGIS_GC,GC_FOSSILS,REVISION_MONTH,NUMBER,22.0,,0.0,Y
10.0,TOPGIS_GC,GC_FOSSILS,REASONFORCHANGE,NUMBER,22.0,,0.0,Y
11.0,TOPGIS_GC,GC_FOSSILS,OBJECTORIGIN,NUMBER,22.0,,0.0,Y
12.0,TOPGIS_GC,GC_FOSSILS,OBJECTORIGIN_YEAR,NUMBER,22.0,,0.0,Y
13.0,TOPGIS_GC,GC_FOSSILS,OBJECTORIGIN_MONTH,NUMBER,22.0,,0.0,Y
14.0,TOPGIS_GC,GC_FOSSILS,KIND,NUMBER,22.0,,0.0,Y
15.0,TOPGIS_GC,GC_FOSSILS,RC_ID,NUMBER,22.0,,0.0,Y
16.0,TOPGIS_GC,GC_FOSSILS,WU_ID,NUMBER,22.0,,0.0,Y
17.0,TOPGIS_GC,GC_FOSSILS,RC_ID_CREATION,NUMBER,22.0,,0.0,Y
18.0,TOPGIS_GC,GC_FOSSILS,WU_ID_CREATION,NUMBER,22.0,,0.0,Y
19.0,TOPGIS_GC,GC_FOSSILS,REVISION_QUALITY,NVARCHAR2,30.0,,,Y
20.0,TOPGIS_GC,GC_FOSSILS,ORIGINAL_ORIGIN,NUMBER,22.0,,0.0,Y
21.0,TOPGIS_GC,GC_FOSSILS,INTEGRATION_OBJECT_UUID,CHAR,38.0,,,Y
22.0,TOPGIS_GC,GC_FOSSILS,MORE_INFO,NVARCHAR2,510.0,,,Y
23.0,TOPGIS_GC,GC_FOSSILS,SYMBOL,NVARCHAR2,20.0,,,Y
24.0,TOPGIS_GC,GC_FOSSILS,LFOS_DIVISION,NUMBER,22.0,,0.0,Y
25.0,TOPGIS_GC,GC_FOSSILS,LFOS_DAT_METH,NUMBER,22.0,,0.0,Y
26.0,TOPGIS_GC,GC_FOSSILS,LFOS_STATUS,NUMBER,22.0,,0.0,Y
27.0,TOPGIS_GC,GC_FOSSILS,LFOS_PROTECTED,NUMBER,22.0,,0.0,Y
28.0,TOPGIS_GC,GC_FOSSILS,SHAPE,ST_GEOMETRY,256.0,,,Y
29.0,TOPGIS_GC,GC_FOSSILS,PRINTED,NUMBER,22.0,,0.0,Y
1.0,TOPGIS_GC,GC_FOSSILS_I,OBJECTID,NUMBER,22.0,,0.0,N
2.0,TOPGIS_GC,GC_FOSSILS_I,UUID,CHAR,38.0,,,Y
3.0,TOPGIS_GC,GC_FOSSILS_I,OPERATOR,NVARCHAR2,100.0,,,Y
4.0,TOPGIS_GC,GC_FOSSILS_I,DATEOFCREATION,DATE,7.0,,,Y
5.0,TOPGIS_GC,GC_FOSSILS_I,DATEOFCHANGE,DATE,7.0,,,Y
6.0,TOPGIS_GC,GC_FOSSILS_I,CREATION_YEAR,NUMBER,22.0,,0.0,Y
7.0,TOPGIS_GC,GC_FOSSILS_I,CREATION_MONTH,NUMBER,22.0,,0.0,Y
8.0,TOPGIS_GC,GC_FOSSILS_I,REVISION_YEAR,NUMBER,22.0,,0.0,Y
9.0,TOPGIS_GC,GC_FOSSILS_I,REVISION_MONTH,NUMBER,22.0,,0.0,Y
10.0,TOPGIS_GC,GC_FOSSILS_I,REASONFORCHANGE,NUMBER,22.0,,0.0,Y
11.0,TOPGIS_GC,GC_FOSSILS_I,OBJECTORIGIN,NUMBER,22.0,,0.0,Y
12.0,TOPGIS_GC,GC_FOSSILS_I,OBJECTORIGIN_YEAR,NUMBER,22.0,,0.0,Y
13.0,TOPGIS_GC,GC_FOSSILS_I,OBJECTORIGIN_MONTH,NUMBER,22.0,,0.0,Y
14.0,TOPGIS_GC,GC_FOSSILS_I,KIND,NUMBER,22.0,,0.0,Y
15.0,TOPGIS_GC,GC_FOSSILS_I,RC_ID,NUMBER,22.0,,0.0,Y
16.0,TOPGIS_GC,GC_FOSSILS_I,WU_ID,NUMBER,22.0,,0.0,Y
17.0,TOPGIS_GC,GC_FOSSILS_I,RC_ID_CREATION,NUMBER,22.0,,0.0,Y
18.0,TOPGIS_GC,GC_FOSSILS_I,WU_ID_CREATION,NUMBER,22.0,,0.0,Y
19.0,TOPGIS_GC,GC_FOSSILS_I,REVISION_QUALITY,NVARCHAR2,30.0,,,Y
20.0,TOPGIS_GC,GC_FOSSILS_I,ORIGINAL_ORIGIN,NUMBER,22.0,,0.0,Y
21.0,TOPGIS_GC,GC_FOSSILS_I,MORE_INFO,NVARCHAR2,510.0,,,Y
22.0,TOPGIS_GC,GC_FOSSILS_I,SYMBOL,NVARCHAR2,20.0,,,Y
23.0,TOPGIS_GC,GC_FOSSILS_I,LFOS_DIVISION,NUMBER,22.0,,0.0,Y
24.0,TOPGIS_GC,GC_FOSSILS_I,LFOS_DAT_METH,NUMBER,22.0,,0.0,Y
25.0,TOPGIS_GC,GC_FOSSILS_I,LFOS_STATUS,NUMBER,22.0,,0.0,Y
26.0,TOPGIS_GC,GC_FOSSILS_I,LFOS_PROTECTED,NUMBER,22.0,,0.0,Y
27.0,TOPGIS_GC,GC_FOSSILS_I,INTEGRATION_STATUS,NUMBER,22.0,,0.0,Y
28.0,TOPGIS_GC,GC_FOSSILS_I,INTEGRATION_NOTES,NVARCHAR2,500.0,,,Y
29.0,TOPGIS_GC,GC_FOSSILS_I,CONFLICT_ROLE,NUMBER,22.0,,0.0,Y
30.0,TOPGIS_GC,GC_FOSSILS_I,CONFLICT_ID,CHAR,38.0,,,Y
31.0,TOPGIS_GC,GC_FOSSILS_I,SHAPE,ST_GEOMETRY,256.0,,,Y
32.0,TOPGIS_GC,GC_FOSSILS_I,PRINTED,NUMBER,22.0,,0.0,Y
1.0,TOPGIS_GC,GC_FOSS_SYSTEM_GC_SYSTEM,RID,NUMBER,22.0,,0.0,N
2.0,TOPGIS_GC,GC_FOSS_SYSTEM_GC_SYSTEM,GC_FOSSILS_UUID,CHAR,38.0,,,Y
3.0,TOPGIS_GC,GC_FOSS_SYSTEM_GC_SYSTEM,GC_SYSTEM_UUID,CHAR,38.0,,,Y
1.0,TOPGIS_GC,GC_FOSS_SYSTEM_GC_SYSTEM_I,RID,NUMBER,22.0,,0.0,N
2.0,TOPGIS_GC,GC_FOSS_SYSTEM_GC_SYSTEM_I,GC_FOSSILS_UUID,CHAR,38.0,,,Y
3.0,TOPGIS_GC,GC_FOSS_SYSTEM_GC_SYSTEM_I,GC_SYSTEM_UUID,CHAR,38.0,,,Y
1.0,TOPGIS_GC,GC_LINEAR_OBJECTS,OBJECTID,NUMBER,22.0,,0.0,N
2.0,TOPGIS_GC,GC_LINEAR_OBJECTS,UUID,CHAR,38.0,,,Y
3.0,TOPGIS_GC,GC_LINEAR_OBJECTS,OPERATOR,NVARCHAR2,100.0,,,Y
4.0,TOPGIS_GC,GC_LINEAR_OBJECTS,DATEOFCREATION,DATE,7.0,,,Y
5.0,TOPGIS_GC,GC_LINEAR_OBJECTS,DATEOFCHANGE,DATE,7.0,,,Y
6.0,TOPGIS_GC,GC_LINEAR_OBJECTS,CREATION_YEAR,NUMBER,22.0,,0.0,Y
7.0,TOPGIS_GC,GC_LINEAR_OBJECTS,CREATION_MONTH,NUMBER,22.0,,0.0,Y
8.0,TOPGIS_GC,GC_LINEAR_OBJECTS,REVISION_YEAR,NUMBER,22.0,,0.0,Y
9.0,TOPGIS_GC,GC_LINEAR_OBJECTS,REVISION_MONTH,NUMBER,22.0,,0.0,Y
10.0,TOPGIS_GC,GC_LINEAR_OBJECTS,REASONFORCHANGE,NUMBER,22.0,,0.0,Y
11.0,TOPGIS_GC,GC_LINEAR_OBJECTS,OBJECTORIGIN,NUMBER,22.0,,0.0,Y
12.0,TOPGIS_GC,GC_LINEAR_OBJECTS,OBJECTORIGIN_YEAR,NUMBER,22.0,,0.0,Y
13.0,TOPGIS_GC,GC_LINEAR_OBJECTS,OBJECTORIGIN_MONTH,NUMBER,22.0,,0.0,Y
14.0,TOPGIS_GC,GC_LINEAR_OBJECTS,KIND,NUMBER,22.0,,0.0,Y
15.0,TOPGIS_GC,GC_LINEAR_OBJECTS,RC_ID,NUMBER,22.0,,0.0,Y
16.0,TOPGIS_GC,GC_LINEAR_OBJECTS,WU_ID,NUMBER,22.0,,0.0,Y
17.0,TOPGIS_GC,GC_LINEAR_OBJECTS,RC_ID_CREATION,NUMBER,22.0,,0.0,Y
18.0,TOPGIS_GC,GC_LINEAR_OBJECTS,WU_ID_CREATION,NUMBER,22.0,,0.0,Y
19.0,TOPGIS_GC,GC_LINEAR_OBJECTS,REVISION_QUALITY,NVARCHAR2,30.0,,,Y
20.0,TOPGIS_GC,GC_LINEAR_OBJECTS,ORIGINAL_ORIGIN,NUMBER,22.0,,0.0,Y
21.0,TOPGIS_GC,GC_LINEAR_OBJECTS,INTEGRATION_OBJECT_UUID,CHAR,38.0,,,Y
22.0,TOPGIS_GC,GC_LINEAR_OBJECTS,MORE_INFO,NVARCHAR2,510.0,,,Y
23.0,TOPGIS_GC,GC_LINEAR_OBJECTS,SYMBOL,NVARCHAR2,20.0,,,Y
24.0,TOPGIS_GC,GC_LINEAR_OBJECTS,HPAL_CHRONO,NUMBER,22.0,,0.0,Y
25.0,TOPGIS_GC,GC_LINEAR_OBJECTS,LPRO_LITHO,NUMBER,22.0,,0.0,Y
26.0,TOPGIS_GC,GC_LINEAR_OBJECTS,PCOB_FORMATIO,NUMBER,22.0,,0.0,Y
27.0,TOPGIS_GC,GC_LINEAR_OBJECTS,AARC_EPOCH,NUMBER,22.0,,0.0,Y
28.0,TOPGIS_GC,GC_LINEAR_OBJECTS,AARC_PERIOD,NUMBER,22.0,,0.0,Y
29.0,TOPGIS_GC,GC_LINEAR_OBJECTS,AARC_AGE,NUMBER,22.0,,0.0,Y
30.0,TOPGIS_GC,GC_LINEAR_OBJECTS,AEXP_STATUS,NUMBER,22.0,,0.0,Y
31.0,TOPGIS_GC,GC_LINEAR_OBJECTS,GALL_AGE,NUMBER,22.0,,0.0,Y
32.0,TOPGIS_GC,GC_LINEAR_OBJECTS,GGLA_MORAI_MO,NUMBER,22.0,,0.0,Y
33.0,TOPGIS_GC,GC_LINEAR_OBJECTS,GGLA_GLAC_TYP,NUMBER,22.0,,0.0,Y
34.0,TOPGIS_GC,GC_LINEAR_OBJECTS,GGLA_ICE_M_P,NUMBER,22.0,,0.0,Y
35.0,TOPGIS_GC,GC_LINEAR_OBJECTS,GGLA_QUAT_STR,NUMBER,22.0,,0.0,Y
36.0,TOPGIS_GC,GC_LINEAR_OBJECTS,HCON_COMBI,NUMBER,22.0,,0.0,Y
37.0,TOPGIS_GC,GC_LINEAR_OBJECTS,HPAL_REL_AGE,NUMBER,22.0,,0.0,Y
38.0,TOPGIS_GC,GC_LINEAR_OBJECTS,HSUB_COMBI,NUMBER,22.0,,0.0,Y
39.0,TOPGIS_GC,GC_LINEAR_OBJECTS,LGEO_STATUS,NUMBER,22.0,,0.0,Y
40.0,TOPGIS_GC,GC_LINEAR_OBJECTS,LPRO_CONG_SPE,NUMBER,22.0,,0.0,Y
41.0,TOPGIS_GC,GC_LINEAR_OBJECTS,LPRO_NAME_HORIZ,NUMBER,22.0,,0.0,Y
42.0,TOPGIS_GC,GC_LINEAR_OBJECTS,PCOB_TYPE,NUMBER,22.0,,0.0,Y
43.0,TOPGIS_GC,GC_LINEAR_OBJECTS,PCOH_CONFINE,NUMBER,22.0,,0.0,Y
44.0,TOPGIS_GC,GC_LINEAR_OBJECTS,PCOH_WA_TABLE,NUMBER,22.0,,0.0,Y
45.0,TOPGIS_GC,GC_LINEAR_OBJECTS,TTEC_FAULT_MO,NUMBER,22.0,,0.0,Y
46.0,TOPGIS_GC,GC_LINEAR_OBJECTS,TTEC_VERTI_MO,NUMBER,22.0,,0.0,Y
47.0,TOPGIS_GC,GC_LINEAR_OBJECTS,TTEC_HORIZ_MO,NUMBER,22.0,,0.0,Y
48.0,TOPGIS_GC,GC_LINEAR_OBJECTS,TTEC_STATUS,NUMBER,22.0,,0.0,Y
49.0,TOPGIS_GC,GC_LINEAR_OBJECTS,TTEC_META_STA,NUMBER,22.0,,0.0,Y
50.0,TOPGIS_GC,GC_LINEAR_OBJECTS,GGLA_REF_YEAR,NUMBER,22.0,,0.0,Y
51.0,TOPGIS_GC,GC_LINEAR_OBJECTS,GGLA_SOURCE,NVARCHAR2,510.0,,,Y
52.0,TOPGIS_GC,GC_LINEAR_OBJECTS,HPAL_REF_YEAR,NUMBER,22.0,,0.0,Y
53.0,TOPGIS_GC,GC_LINEAR_OBJECTS,HPAL_SOURCE,NVARCHAR2,510.0,,,Y
54.0,TOPGIS_GC,GC_LINEAR_OBJECTS,LPRO_ORIG_DESCR,NVARCHAR2,510.0,,,Y
55.0,TOPGIS_GC,GC_LINEAR_OBJECTS,LMIN_CHEMISTRY,NVARCHAR2,510.0,,,Y
56.0,TOPGIS_GC,GC_LINEAR_OBJECTS,PCOB_ALTITUDE,NUMBER,22.0,38.0,8.0,Y
57.0,TOPGIS_GC,GC_LINEAR_OBJECTS,PCOH_ALTITUDE,NUMBER,22.0,38.0,8.0,Y
58.0,TOPGIS_GC,GC_LINEAR_OBJECTS,TTEC_NAME,NVARCHAR2,510.0,,,Y
59.0,TOPGIS_GC,GC_LINEAR_OBJECTS,SHAPE,ST_GEOMETRY,256.0,,,Y
60.0,TOPGIS_GC,GC_LINEAR_OBJECTS,PRINTED,NUMBER,22.0,,0.0,Y
61.0,TOPGIS_GC,GC_LINEAR_OBJECTS,TTEC_LIM_TYP,NUMBER,22.0,,0.0,Y
62.0,TOPGIS_GC,GC_LINEAR_OBJECTS,TTEC_HIERA,NUMBER,22.0,,0.0,Y
1.0,TOPGIS_GC,GC_LINEAR_OBJECTS_I,OBJECTID,NUMBER,22.0,,0.0,N
2.0,TOPGIS_GC,GC_LINEAR_OBJECTS_I,UUID,CHAR,38.0,,,Y
3.0,TOPGIS_GC,GC_LINEAR_OBJECTS_I,OPERATOR,NVARCHAR2,100.0,,,Y
4.0,TOPGIS_GC,GC_LINEAR_OBJECTS_I,DATEOFCREATION,DATE,7.0,,,Y
5.0,TOPGIS_GC,GC_LINEAR_OBJECTS_I,DATEOFCHANGE,DATE,7.0,,,Y
6.0,TOPGIS_GC,GC_LINEAR_OBJECTS_I,CREATION_YEAR,NUMBER,22.0,,0.0,Y
7.0,TOPGIS_GC,GC_LINEAR_OBJECTS_I,CREATION_MONTH,NUMBER,22.0,,0.0,Y
8.0,TOPGIS_GC,GC_LINEAR_OBJECTS_I,REVISION_YEAR,NUMBER,22.0,,0.0,Y
9.0,TOPGIS_GC,GC_LINEAR_OBJECTS_I,REVISION_MONTH,NUMBER,22.0,,0.0,Y
10.0,TOPGIS_GC,GC_LINEAR_OBJECTS_I,REASONFORCHANGE,NUMBER,22.0,,0.0,Y
11.0,TOPGIS_GC,GC_LINEAR_OBJECTS_I,OBJECTORIGIN,NUMBER,22.0,,0.0,Y
12.0,TOPGIS_GC,GC_LINEAR_OBJECTS_I,OBJECTORIGIN_YEAR,NUMBER,22.0,,0.0,Y
13.0,TOPGIS_GC,GC_LINEAR_OBJECTS_I,OBJECTORIGIN_MONTH,NUMBER,22.0,,0.0,Y
14.0,TOPGIS_GC,GC_LINEAR_OBJECTS_I,KIND,NUMBER,22.0,,0.0,Y
15.0,TOPGIS_GC,GC_LINEAR_OBJECTS_I,RC_ID,NUMBER,22.0,,0.0,Y
16.0,TOPGIS_GC,GC_LINEAR_OBJECTS_I,WU_ID,NUMBER,22.0,,0.0,Y
17.0,TOPGIS_GC,GC_LINEAR_OBJECTS_I,RC_ID_CREATION,NUMBER,22.0,,0.0,Y
18.0,TOPGIS_GC,GC_LINEAR_OBJECTS_I,WU_ID_CREATION,NUMBER,22.0,,0.0,Y
19.0,TOPGIS_GC,GC_LINEAR_OBJECTS_I,REVISION_QUALITY,NVARCHAR2,30.0,,,Y
20.0,TOPGIS_GC,GC_LINEAR_OBJECTS_I,ORIGINAL_ORIGIN,NUMBER,22.0,,0.0,Y
21.0,TOPGIS_GC,GC_LINEAR_OBJECTS_I,MORE_INFO,NVARCHAR2,510.0,,,Y
22.0,TOPGIS_GC,GC_LINEAR_OBJECTS_I,SYMBOL,NVARCHAR2,20.0,,,Y
23.0,TOPGIS_GC,GC_LINEAR_OBJECTS_I,HPAL_CHRONO,NUMBER,22.0,,0.0,Y
24.0,TOPGIS_GC,GC_LINEAR_OBJECTS_I,LPRO_LITHO,NUMBER,22.0,,0.0,Y
25.0,TOPGIS_GC,GC_LINEAR_OBJECTS_I,PCOB_FORMATIO,NUMBER,22.0,,0.0,Y
26.0,TOPGIS_GC,GC_LINEAR_OBJECTS_I,AARC_EPOCH,NUMBER,22.0,,0.0,Y
27.0,TOPGIS_GC,GC_LINEAR_OBJECTS_I,AARC_PERIOD,NUMBER,22.0,,0.0,Y
28.0,TOPGIS_GC,GC_LINEAR_OBJECTS_I,AARC_AGE,NUMBER,22.0,,0.0,Y
29.0,TOPGIS_GC,GC_LINEAR_OBJECTS_I,AEXP_STATUS,NUMBER,22.0,,0.0,Y
30.0,TOPGIS_GC,GC_LINEAR_OBJECTS_I,GALL_AGE,NUMBER,22.0,,0.0,Y
31.0,TOPGIS_GC,GC_LINEAR_OBJECTS_I,GGLA_MORAI_MO,NUMBER,22.0,,0.0,Y
32.0,TOPGIS_GC,GC_LINEAR_OBJECTS_I,GGLA_GLAC_TYP,NUMBER,22.0,,0.0,Y
33.0,TOPGIS_GC,GC_LINEAR_OBJECTS_I,GGLA_ICE_M_P,NUMBER,22.0,,0.0,Y
34.0,TOPGIS_GC,GC_LINEAR_OBJECTS_I,GGLA_QUAT_STR,NUMBER,22.0,,0.0,Y
35.0,TOPGIS_GC,GC_LINEAR_OBJECTS_I,HCON_COMBI,NUMBER,22.0,,0.0,Y
36.0,TOPGIS_GC,GC_LINEAR_OBJECTS_I,HPAL_REL_AGE,NUMBER,22.0,,0.0,Y
37.0,TOPGIS_GC,GC_LINEAR_OBJECTS_I,HSUB_COMBI,NUMBER,22.0,,0.0,Y
38.0,TOPGIS_GC,GC_LINEAR_OBJECTS_I,LGEO_STATUS,NUMBER,22.0,,0.0,Y
39.0,TOPGIS_GC,GC_LINEAR_OBJECTS_I,LPRO_CONG_SPE,NUMBER,22.0,,0.0,Y
40.0,TOPGIS_GC,GC_LINEAR_OBJECTS_I,LPRO_NAME_HORIZ,NUMBER,22.0,,0.0,Y
41.0,TOPGIS_GC,GC_LINEAR_OBJECTS_I,PCOB_TYPE,NUMBER,22.0,,0.0,Y
42.0,TOPGIS_GC,GC_LINEAR_OBJECTS_I,PCOH_CONFINE,NUMBER,22.0,,0.0,Y
43.0,TOPGIS_GC,GC_LINEAR_OBJECTS_I,PCOH_WA_TABLE,NUMBER,22.0,,0.0,Y
44.0,TOPGIS_GC,GC_LINEAR_OBJECTS_I,TTEC_FAULT_MO,NUMBER,22.0,,0.0,Y
45.0,TOPGIS_GC,GC_LINEAR_OBJECTS_I,TTEC_VERTI_MO,NUMBER,22.0,,0.0,Y
46.0,TOPGIS_GC,GC_LINEAR_OBJECTS_I,TTEC_HORIZ_MO,NUMBER,22.0,,0.0,Y
47.0,TOPGIS_GC,GC_LINEAR_OBJECTS_I,TTEC_STATUS,NUMBER,22.0,,0.0,Y
48.0,TOPGIS_GC,GC_LINEAR_OBJECTS_I,TTEC_META_STA,NUMBER,22.0,,0.0,Y
49.0,TOPGIS_GC,GC_LINEAR_OBJECTS_I,GGLA_REF_YEAR,NUMBER,22.0,,0.0,Y
50.0,TOPGIS_GC,GC_LINEAR_OBJECTS_I,GGLA_SOURCE,NVARCHAR2,510.0,,,Y
51.0,TOPGIS_GC,GC_LINEAR_OBJECTS_I,HPAL_REF_YEAR,NUMBER,22.0,,0.0,Y
52.0,TOPGIS_GC,GC_LINEAR_OBJECTS_I,HPAL_SOURCE,NVARCHAR2,510.0,,,Y
53.0,TOPGIS_GC,GC_LINEAR_OBJECTS_I,LPRO_ORIG_DESCR,NVARCHAR2,510.0,,,Y
54.0,TOPGIS_GC,GC_LINEAR_OBJECTS_I,LMIN_CHEMISTRY,NVARCHAR2,510.0,,,Y
55.0,TOPGIS_GC,GC_LINEAR_OBJECTS_I,PCOB_ALTITUDE,NUMBER,22.0,38.0,8.0,Y
56.0,TOPGIS_GC,GC_LINEAR_OBJECTS_I,PCOH_ALTITUDE,NUMBER,22.0,38.0,8.0,Y
57.0,TOPGIS_GC,GC_LINEAR_OBJECTS_I,TTEC_NAME,NVARCHAR2,510.0,,,Y
58.0,TOPGIS_GC,GC_LINEAR_OBJECTS_I,INTEGRATION_STATUS,NUMBER,22.0,,0.0,Y
59.0,TOPGIS_GC,GC_LINEAR_OBJECTS_I,INTEGRATION_NOTES,NVARCHAR2,500.0,,,Y
60.0,TOPGIS_GC,GC_LINEAR_OBJECTS_I,CONFLICT_ROLE,NUMBER,22.0,,0.0,Y
61.0,TOPGIS_GC,GC_LINEAR_OBJECTS_I,CONFLICT_ID,CHAR,38.0,,,Y
62.0,TOPGIS_GC,GC_LINEAR_OBJECTS_I,SHAPE,ST_GEOMETRY,256.0,,,Y
63.0,TOPGIS_GC,GC_LINEAR_OBJECTS_I,PRINTED,NUMBER,22.0,,0.0,Y
64.0,TOPGIS_GC,GC_LINEAR_OBJECTS_I,TTEC_LIM_TYP,NUMBER,22.0,,0.0,Y
65.0,TOPGIS_GC,GC_LINEAR_OBJECTS_I,TTEC_HIERA,NUMBER,22.0,,0.0,Y
1.0,TOPGIS_GC,GC_LITHO,OBJECTID,NUMBER,22.0,,0.0,N
2.0,TOPGIS_GC,GC_LITHO,UUID,CHAR,38.0,,,Y
3.0,TOPGIS_GC,GC_LITHO,OPERATOR,NVARCHAR2,100.0,,,Y
4.0,TOPGIS_GC,GC_LITHO,DATEOFCREATION,DATE,7.0,,,Y
5.0,TOPGIS_GC,GC_LITHO,DATEOFCHANGE,DATE,7.0,,,Y
6.0,TOPGIS_GC,GC_LITHO,CREATION_YEAR,NUMBER,22.0,,0.0,Y
7.0,TOPGIS_GC,GC_LITHO,CREATION_MONTH,NUMBER,22.0,,0.0,Y
8.0,TOPGIS_GC,GC_LITHO,REVISION_YEAR,NUMBER,22.0,,0.0,Y
9.0,TOPGIS_GC,GC_LITHO,REVISION_MONTH,NUMBER,22.0,,0.0,Y
10.0,TOPGIS_GC,GC_LITHO,REASONFORCHANGE,NUMBER,22.0,,0.0,Y
11.0,TOPGIS_GC,GC_LITHO,OBJECTORIGIN,NUMBER,22.0,,0.0,Y
12.0,TOPGIS_GC,GC_LITHO,OBJECTORIGIN_YEAR,NUMBER,22.0,,0.0,Y
13.0,TOPGIS_GC,GC_LITHO,OBJECTORIGIN_MONTH,NUMBER,22.0,,0.0,Y
14.0,TOPGIS_GC,GC_LITHO,RC_ID,NUMBER,22.0,,0.0,Y
15.0,TOPGIS_GC,GC_LITHO,WU_ID,NUMBER,22.0,,0.0,Y
16.0,TOPGIS_GC,GC_LITHO,RC_ID_CREATION,NUMBER,22.0,,0.0,Y
17.0,TOPGIS_GC,GC_LITHO,WU_ID_CREATION,NUMBER,22.0,,0.0,Y
18.0,TOPGIS_GC,GC_LITHO,REVISION_QUALITY,NVARCHAR2,30.0,,,Y
19.0,TOPGIS_GC,GC_LITHO,ORIGINAL_ORIGIN,NUMBER,22.0,,0.0,Y
20.0,TOPGIS_GC,GC_LITHO,INTEGRATION_OBJECT_UUID,CHAR,38.0,,,Y
21.0,TOPGIS_GC,GC_LITHO,GEOL_CODE,NVARCHAR2,40.0,,,Y
22.0,TOPGIS_GC,GC_LITHO,GEOL_CODE_INT,NUMBER,22.0,,0.0,Y
23.0,TOPGIS_GC,GC_LITHO,GERMAN,NVARCHAR2,510.0,,,Y
24.0,TOPGIS_GC,GC_LITHO,TREE_LEVEL,NUMBER,22.0,,0.0,Y
25.0,TOPGIS_GC,GC_LITHO,PARENT_REF,NUMBER,22.0,,0.0,Y
1.0,TOPGIS_GC,GC_LITHO_BED,OBJECTID,NUMBER,22.0,,0.0,N
2.0,TOPGIS_GC,GC_LITHO_BED,UUID,CHAR,38.0,,,Y
3.0,TOPGIS_GC,GC_LITHO_BED,OPERATOR,NVARCHAR2,100.0,,,Y
4.0,TOPGIS_GC,GC_LITHO_BED,DATEOFCREATION,DATE,7.0,,,Y
5.0,TOPGIS_GC,GC_LITHO_BED,DATEOFCHANGE,DATE,7.0,,,Y
6.0,TOPGIS_GC,GC_LITHO_BED,CREATION_YEAR,NUMBER,22.0,,0.0,Y
7.0,TOPGIS_GC,GC_LITHO_BED,CREATION_MONTH,NUMBER,22.0,,0.0,Y
8.0,TOPGIS_GC,GC_LITHO_BED,REVISION_YEAR,NUMBER,22.0,,0.0,Y
9.0,TOPGIS_GC,GC_LITHO_BED,REVISION_MONTH,NUMBER,22.0,,0.0,Y
10.0,TOPGIS_GC,GC_LITHO_BED,REASONFORCHANGE,NUMBER,22.0,,0.0,Y
11.0,TOPGIS_GC,GC_LITHO_BED,OBJECTORIGIN,NUMBER,22.0,,0.0,Y
12.0,TOPGIS_GC,GC_LITHO_BED,OBJECTORIGIN_YEAR,NUMBER,22.0,,0.0,Y
13.0,TOPGIS_GC,GC_LITHO_BED,OBJECTORIGIN_MONTH,NUMBER,22.0,,0.0,Y
14.0,TOPGIS_GC,GC_LITHO_BED,RC_ID,NUMBER,22.0,,0.0,Y
15.0,TOPGIS_GC,GC_LITHO_BED,WU_ID,NUMBER,22.0,,0.0,Y
16.0,TOPGIS_GC,GC_LITHO_BED,RC_ID_CREATION,NUMBER,22.0,,0.0,Y
17.0,TOPGIS_GC,GC_LITHO_BED,WU_ID_CREATION,NUMBER,22.0,,0.0,Y
18.0,TOPGIS_GC,GC_LITHO_BED,REVISION_QUALITY,NVARCHAR2,30.0,,,Y
19.0,TOPGIS_GC,GC_LITHO_BED,ORIGINAL_ORIGIN,NUMBER,22.0,,0.0,Y
20.0,TOPGIS_GC,GC_LITHO_BED,INTEGRATION_OBJECT_UUID,CHAR,38.0,,,Y
21.0,TOPGIS_GC,GC_LITHO_BED,GEOL_CODE,NVARCHAR2,40.0,,,Y
22.0,TOPGIS_GC,GC_LITHO_BED,GEOL_CODE_INT,NUMBER,22.0,,0.0,Y
23.0,TOPGIS_GC,GC_LITHO_BED,GERMAN,NVARCHAR2,510.0,,,Y
24.0,TOPGIS_GC,GC_LITHO_BED,TREE_LEVEL,NUMBER,22.0,,0.0,Y
25.0,TOPGIS_GC,GC_LITHO_BED,PARENT_REF,NUMBER,22.0,,0.0,Y
1.0,TOPGIS_GC,GC_LITHO_BED_I,OBJECTID,NUMBER,22.0,,0.0,N
2.0,TOPGIS_GC,GC_LITHO_BED_I,UUID,CHAR,38.0,,,Y
3.0,TOPGIS_GC,GC_LITHO_BED_I,OPERATOR,NVARCHAR2,100.0,,,Y
4.0,TOPGIS_GC,GC_LITHO_BED_I,DATEOFCREATION,DATE,7.0,,,Y
5.0,TOPGIS_GC,GC_LITHO_BED_I,DATEOFCHANGE,DATE,7.0,,,Y
6.0,TOPGIS_GC,GC_LITHO_BED_I,CREATION_YEAR,NUMBER,22.0,,0.0,Y
7.0,TOPGIS_GC,GC_LITHO_BED_I,CREATION_MONTH,NUMBER,22.0,,0.0,Y
8.0,TOPGIS_GC,GC_LITHO_BED_I,REVISION_YEAR,NUMBER,22.0,,0.0,Y
9.0,TOPGIS_GC,GC_LITHO_BED_I,REVISION_MONTH,NUMBER,22.0,,0.0,Y
10.0,TOPGIS_GC,GC_LITHO_BED_I,REASONFORCHANGE,NUMBER,22.0,,0.0,Y
11.0,TOPGIS_GC,GC_LITHO_BED_I,OBJECTORIGIN,NUMBER,22.0,,0.0,Y
12.0,TOPGIS_GC,GC_LITHO_BED_I,OBJECTORIGIN_YEAR,NUMBER,22.0,,0.0,Y
13.0,TOPGIS_GC,GC_LITHO_BED_I,OBJECTORIGIN_MONTH,NUMBER,22.0,,0.0,Y
14.0,TOPGIS_GC,GC_LITHO_BED_I,RC_ID,NUMBER,22.0,,0.0,Y
15.0,TOPGIS_GC,GC_LITHO_BED_I,WU_ID,NUMBER,22.0,,0.0,Y
16.0,TOPGIS_GC,GC_LITHO_BED_I,RC_ID_CREATION,NUMBER,22.0,,0.0,Y
17.0,TOPGIS_GC,GC_LITHO_BED_I,WU_ID_CREATION,NUMBER,22.0,,0.0,Y
18.0,TOPGIS_GC,GC_LITHO_BED_I,REVISION_QUALITY,NVARCHAR2,30.0,,,Y
19.0,TOPGIS_GC,GC_LITHO_BED_I,ORIGINAL_ORIGIN,NUMBER,22.0,,0.0,Y
20.0,TOPGIS_GC,GC_LITHO_BED_I,INTEGRATION_OBJECT_UUID,CHAR,38.0,,,Y
21.0,TOPGIS_GC,GC_LITHO_BED_I,GEOL_CODE,NVARCHAR2,40.0,,,Y
22.0,TOPGIS_GC,GC_LITHO_BED_I,GEOL_CODE_INT,NUMBER,22.0,,0.0,Y
23.0,TOPGIS_GC,GC_LITHO_BED_I,GERMAN,NVARCHAR2,510.0,,,Y
24.0,TOPGIS_GC,GC_LITHO_BED_I,TREE_LEVEL,NUMBER,22.0,,0.0,Y
25.0,TOPGIS_GC,GC_LITHO_BED_I,INTEGRATION_STATUS,NUMBER,22.0,,0.0,Y
26.0,TOPGIS_GC,GC_LITHO_BED_I,INTEGRATION_NOTES,NVARCHAR2,500.0,,,Y
27.0,TOPGIS_GC,GC_LITHO_BED_I,CONFLICT_ROLE,NUMBER,22.0,,0.0,Y
28.0,TOPGIS_GC,GC_LITHO_BED_I,CONFLICT_ID,CHAR,38.0,,,Y
29.0,TOPGIS_GC,GC_LITHO_BED_I,PARENT_REF,NUMBER,22.0,,0.0,Y
1.0,TOPGIS_GC,GC_LITHO_I,OBJECTID,NUMBER,22.0,,0.0,N
2.0,TOPGIS_GC,GC_LITHO_I,UUID,CHAR,38.0,,,Y
3.0,TOPGIS_GC,GC_LITHO_I,OPERATOR,NVARCHAR2,100.0,,,Y
4.0,TOPGIS_GC,GC_LITHO_I,DATEOFCREATION,DATE,7.0,,,Y
5.0,TOPGIS_GC,GC_LITHO_I,DATEOFCHANGE,DATE,7.0,,,Y
6.0,TOPGIS_GC,GC_LITHO_I,CREATION_YEAR,NUMBER,22.0,,0.0,Y
7.0,TOPGIS_GC,GC_LITHO_I,CREATION_MONTH,NUMBER,22.0,,0.0,Y
8.0,TOPGIS_GC,GC_LITHO_I,REVISION_YEAR,NUMBER,22.0,,0.0,Y
9.0,TOPGIS_GC,GC_LITHO_I,REVISION_MONTH,NUMBER,22.0,,0.0,Y
10.0,TOPGIS_GC,GC_LITHO_I,REASONFORCHANGE,NUMBER,22.0,,0.0,Y
11.0,TOPGIS_GC,GC_LITHO_I,OBJECTORIGIN,NUMBER,22.0,,0.0,Y
12.0,TOPGIS_GC,GC_LITHO_I,OBJECTORIGIN_YEAR,NUMBER,22.0,,0.0,Y
13.0,TOPGIS_GC,GC_LITHO_I,OBJECTORIGIN_MONTH,NUMBER,22.0,,0.0,Y
14.0,TOPGIS_GC,GC_LITHO_I,RC_ID,NUMBER,22.0,,0.0,Y
15.0,TOPGIS_GC,GC_LITHO_I,WU_ID,NUMBER,22.0,,0.0,Y
16.0,TOPGIS_GC,GC_LITHO_I,RC_ID_CREATION,NUMBER,22.0,,0.0,Y
17.0,TOPGIS_GC,GC_LITHO_I,WU_ID_CREATION,NUMBER,22.0,,0.0,Y
18.0,TOPGIS_GC,GC_LITHO_I,REVISION_QUALITY,NVARCHAR2,30.0,,,Y
19.0,TOPGIS_GC,GC_LITHO_I,ORIGINAL_ORIGIN,NUMBER,22.0,,0.0,Y
20.0,TOPGIS_GC,GC_LITHO_I,INTEGRATION_OBJECT_UUID,CHAR,38.0,,,Y
21.0,TOPGIS_GC,GC_LITHO_I,GEOL_CODE,NVARCHAR2,40.0,,,Y
22.0,TOPGIS_GC,GC_LITHO_I,GEOL_CODE_INT,NUMBER,22.0,,0.0,Y
23.0,TOPGIS_GC,GC_LITHO_I,GERMAN,NVARCHAR2,510.0,,,Y
24.0,TOPGIS_GC,GC_LITHO_I,TREE_LEVEL,NUMBER,22.0,,0.0,Y
25.0,TOPGIS_GC,GC_LITHO_I,INTEGRATION_STATUS,NUMBER,22.0,,0.0,Y
26.0,TOPGIS_GC,GC_LITHO_I,INTEGRATION_NOTES,NVARCHAR2,500.0,,,Y
27.0,TOPGIS_GC,GC_LITHO_I,CONFLICT_ROLE,NUMBER,22.0,,0.0,Y
28.0,TOPGIS_GC,GC_LITHO_I,CONFLICT_ID,CHAR,38.0,,,Y
29.0,TOPGIS_GC,GC_LITHO_I,PARENT_REF,NUMBER,22.0,,0.0,Y
1.0,TOPGIS_GC,GC_LITHO_UNCO,OBJECTID,NUMBER,22.0,,0.0,N
2.0,TOPGIS_GC,GC_LITHO_UNCO,UUID,CHAR,38.0,,,Y
3.0,TOPGIS_GC,GC_LITHO_UNCO,OPERATOR,NVARCHAR2,100.0,,,Y
4.0,TOPGIS_GC,GC_LITHO_UNCO,DATEOFCREATION,DATE,7.0,,,Y
5.0,TOPGIS_GC,GC_LITHO_UNCO,DATEOFCHANGE,DATE,7.0,,,Y
6.0,TOPGIS_GC,GC_LITHO_UNCO,CREATION_YEAR,NUMBER,22.0,,0.0,Y
7.0,TOPGIS_GC,GC_LITHO_UNCO,CREATION_MONTH,NUMBER,22.0,,0.0,Y
8.0,TOPGIS_GC,GC_LITHO_UNCO,REVISION_YEAR,NUMBER,22.0,,0.0,Y
9.0,TOPGIS_GC,GC_LITHO_UNCO,REVISION_MONTH,NUMBER,22.0,,0.0,Y
10.0,TOPGIS_GC,GC_LITHO_UNCO,REASONFORCHANGE,NUMBER,22.0,,0.0,Y
11.0,TOPGIS_GC,GC_LITHO_UNCO,OBJECTORIGIN,NUMBER,22.0,,0.0,Y
12.0,TOPGIS_GC,GC_LITHO_UNCO,OBJECTORIGIN_YEAR,NUMBER,22.0,,0.0,Y
13.0,TOPGIS_GC,GC_LITHO_UNCO,OBJECTORIGIN_MONTH,NUMBER,22.0,,0.0,Y
14.0,TOPGIS_GC,GC_LITHO_UNCO,RC_ID,NUMBER,22.0,,0.0,Y
15.0,TOPGIS_GC,GC_LITHO_UNCO,WU_ID,NUMBER,22.0,,0.0,Y
16.0,TOPGIS_GC,GC_LITHO_UNCO,RC_ID_CREATION,NUMBER,22.0,,0.0,Y
17.0,TOPGIS_GC,GC_LITHO_UNCO,WU_ID_CREATION,NUMBER,22.0,,0.0,Y
18.0,TOPGIS_GC,GC_LITHO_UNCO,REVISION_QUALITY,NVARCHAR2,30.0,,,Y
19.0,TOPGIS_GC,GC_LITHO_UNCO,ORIGINAL_ORIGIN,NUMBER,22.0,,0.0,Y
20.0,TOPGIS_GC,GC_LITHO_UNCO,INTEGRATION_OBJECT_UUID,CHAR,38.0,,,Y
21.0,TOPGIS_GC,GC_LITHO_UNCO,GEOL_CODE,NVARCHAR2,40.0,,,Y
22.0,TOPGIS_GC,GC_LITHO_UNCO,GEOL_CODE_INT,NUMBER,22.0,,0.0,Y
23.0,TOPGIS_GC,GC_LITHO_UNCO,GERMAN,NVARCHAR2,510.0,,,Y
24.0,TOPGIS_GC,GC_LITHO_UNCO,TREE_LEVEL,NUMBER,22.0,,0.0,Y
25.0,TOPGIS_GC,GC_LITHO_UNCO,PARENT_REF,NUMBER,22.0,,0.0,Y
1.0,TOPGIS_GC,GC_LITSTRAT,OBJECTID,NUMBER,22.0,,0.0,N
2.0,TOPGIS_GC,GC_LITSTRAT,UUID,CHAR,38.0,,,Y
3.0,TOPGIS_GC,GC_LITSTRAT,OPERATOR,NVARCHAR2,100.0,,,Y
4.0,TOPGIS_GC,GC_LITSTRAT,DATEOFCREATION,DATE,7.0,,,Y
5.0,TOPGIS_GC,GC_LITSTRAT,DATEOFCHANGE,DATE,7.0,,,Y
6.0,TOPGIS_GC,GC_LITSTRAT,CREATION_YEAR,NUMBER,22.0,,0.0,Y
7.0,TOPGIS_GC,GC_LITSTRAT,CREATION_MONTH,NUMBER,22.0,,0.0,Y
8.0,TOPGIS_GC,GC_LITSTRAT,REVISION_YEAR,NUMBER,22.0,,0.0,Y
9.0,TOPGIS_GC,GC_LITSTRAT,REVISION_MONTH,NUMBER,22.0,,0.0,Y
10.0,TOPGIS_GC,GC_LITSTRAT,REASONFORCHANGE,NUMBER,22.0,,0.0,Y
11.0,TOPGIS_GC,GC_LITSTRAT,OBJECTORIGIN,NUMBER,22.0,,0.0,Y
12.0,TOPGIS_GC,GC_LITSTRAT,OBJECTORIGIN_YEAR,NUMBER,22.0,,0.0,Y
13.0,TOPGIS_GC,GC_LITSTRAT,OBJECTORIGIN_MONTH,NUMBER,22.0,,0.0,Y
14.0,TOPGIS_GC,GC_LITSTRAT,RC_ID,NUMBER,22.0,,0.0,Y
15.0,TOPGIS_GC,GC_LITSTRAT,WU_ID,NUMBER,22.0,,0.0,Y
16.0,TOPGIS_GC,GC_LITSTRAT,RC_ID_CREATION,NUMBER,22.0,,0.0,Y
17.0,TOPGIS_GC,GC_LITSTRAT,WU_ID_CREATION,NUMBER,22.0,,0.0,Y
18.0,TOPGIS_GC,GC_LITSTRAT,REVISION_QUALITY,NVARCHAR2,30.0,,,Y
19.0,TOPGIS_GC,GC_LITSTRAT,ORIGINAL_ORIGIN,NUMBER,22.0,,0.0,Y
20.0,TOPGIS_GC,GC_LITSTRAT,INTEGRATION_OBJECT_UUID,CHAR,38.0,,,Y
21.0,TOPGIS_GC,GC_LITSTRAT,GEOL_CODE,NVARCHAR2,40.0,,,Y
22.0,TOPGIS_GC,GC_LITSTRAT,GEOL_CODE_INT,NUMBER,22.0,,0.0,Y
23.0,TOPGIS_GC,GC_LITSTRAT,GERMAN,NVARCHAR2,510.0,,,Y
24.0,TOPGIS_GC,GC_LITSTRAT,TREE_LEVEL,NUMBER,22.0,,0.0,Y
25.0,TOPGIS_GC,GC_LITSTRAT,PARENT_REF,NUMBER,22.0,,0.0,Y
1.0,TOPGIS_GC,GC_LITSTRAT_BED,OBJECTID,NUMBER,22.0,,0.0,N
2.0,TOPGIS_GC,GC_LITSTRAT_BED,UUID,CHAR,38.0,,,Y
3.0,TOPGIS_GC,GC_LITSTRAT_BED,OPERATOR,NVARCHAR2,100.0,,,Y
4.0,TOPGIS_GC,GC_LITSTRAT_BED,DATEOFCREATION,DATE,7.0,,,Y
5.0,TOPGIS_GC,GC_LITSTRAT_BED,DATEOFCHANGE,DATE,7.0,,,Y
6.0,TOPGIS_GC,GC_LITSTRAT_BED,CREATION_YEAR,NUMBER,22.0,,0.0,Y
7.0,TOPGIS_GC,GC_LITSTRAT_BED,CREATION_MONTH,NUMBER,22.0,,0.0,Y
8.0,TOPGIS_GC,GC_LITSTRAT_BED,REVISION_YEAR,NUMBER,22.0,,0.0,Y
9.0,TOPGIS_GC,GC_LITSTRAT_BED,REVISION_MONTH,NUMBER,22.0,,0.0,Y
10.0,TOPGIS_GC,GC_LITSTRAT_BED,REASONFORCHANGE,NUMBER,22.0,,0.0,Y
11.0,TOPGIS_GC,GC_LITSTRAT_BED,OBJECTORIGIN,NUMBER,22.0,,0.0,Y
12.0,TOPGIS_GC,GC_LITSTRAT_BED,OBJECTORIGIN_YEAR,NUMBER,22.0,,0.0,Y
13.0,TOPGIS_GC,GC_LITSTRAT_BED,OBJECTORIGIN_MONTH,NUMBER,22.0,,0.0,Y
14.0,TOPGIS_GC,GC_LITSTRAT_BED,RC_ID,NUMBER,22.0,,0.0,Y
15.0,TOPGIS_GC,GC_LITSTRAT_BED,WU_ID,NUMBER,22.0,,0.0,Y
16.0,TOPGIS_GC,GC_LITSTRAT_BED,RC_ID_CREATION,NUMBER,22.0,,0.0,Y
17.0,TOPGIS_GC,GC_LITSTRAT_BED,WU_ID_CREATION,NUMBER,22.0,,0.0,Y
18.0,TOPGIS_GC,GC_LITSTRAT_BED,REVISION_QUALITY,NVARCHAR2,30.0,,,Y
19.0,TOPGIS_GC,GC_LITSTRAT_BED,ORIGINAL_ORIGIN,NUMBER,22.0,,0.0,Y
20.0,TOPGIS_GC,GC_LITSTRAT_BED,INTEGRATION_OBJECT_UUID,CHAR,38.0,,,Y
21.0,TOPGIS_GC,GC_LITSTRAT_BED,GEOL_CODE,NVARCHAR2,40.0,,,Y
22.0,TOPGIS_GC,GC_LITSTRAT_BED,GEOL_CODE_INT,NUMBER,22.0,,0.0,Y
23.0,TOPGIS_GC,GC_LITSTRAT_BED,GERMAN,NVARCHAR2,510.0,,,Y
24.0,TOPGIS_GC,GC_LITSTRAT_BED,TREE_LEVEL,NUMBER,22.0,,0.0,Y
25.0,TOPGIS_GC,GC_LITSTRAT_BED,PARENT_REF,NUMBER,22.0,,0.0,Y
1.0,TOPGIS_GC,GC_LITSTRAT_BED_I,OBJECTID,NUMBER,22.0,,0.0,N
2.0,TOPGIS_GC,GC_LITSTRAT_BED_I,UUID,CHAR,38.0,,,Y
3.0,TOPGIS_GC,GC_LITSTRAT_BED_I,OPERATOR,NVARCHAR2,100.0,,,Y
4.0,TOPGIS_GC,GC_LITSTRAT_BED_I,DATEOFCREATION,DATE,7.0,,,Y
5.0,TOPGIS_GC,GC_LITSTRAT_BED_I,DATEOFCHANGE,DATE,7.0,,,Y
6.0,TOPGIS_GC,GC_LITSTRAT_BED_I,CREATION_YEAR,NUMBER,22.0,,0.0,Y
7.0,TOPGIS_GC,GC_LITSTRAT_BED_I,CREATION_MONTH,NUMBER,22.0,,0.0,Y
8.0,TOPGIS_GC,GC_LITSTRAT_BED_I,REVISION_YEAR,NUMBER,22.0,,0.0,Y
9.0,TOPGIS_GC,GC_LITSTRAT_BED_I,REVISION_MONTH,NUMBER,22.0,,0.0,Y
10.0,TOPGIS_GC,GC_LITSTRAT_BED_I,REASONFORCHANGE,NUMBER,22.0,,0.0,Y
11.0,TOPGIS_GC,GC_LITSTRAT_BED_I,OBJECTORIGIN,NUMBER,22.0,,0.0,Y
12.0,TOPGIS_GC,GC_LITSTRAT_BED_I,OBJECTORIGIN_YEAR,NUMBER,22.0,,0.0,Y
13.0,TOPGIS_GC,GC_LITSTRAT_BED_I,OBJECTORIGIN_MONTH,NUMBER,22.0,,0.0,Y
14.0,TOPGIS_GC,GC_LITSTRAT_BED_I,RC_ID,NUMBER,22.0,,0.0,Y
15.0,TOPGIS_GC,GC_LITSTRAT_BED_I,WU_ID,NUMBER,22.0,,0.0,Y
16.0,TOPGIS_GC,GC_LITSTRAT_BED_I,RC_ID_CREATION,NUMBER,22.0,,0.0,Y
17.0,TOPGIS_GC,GC_LITSTRAT_BED_I,WU_ID_CREATION,NUMBER,22.0,,0.0,Y
18.0,TOPGIS_GC,GC_LITSTRAT_BED_I,REVISION_QUALITY,NVARCHAR2,30.0,,,Y
19.0,TOPGIS_GC,GC_LITSTRAT_BED_I,ORIGINAL_ORIGIN,NUMBER,22.0,,0.0,Y
20.0,TOPGIS_GC,GC_LITSTRAT_BED_I,INTEGRATION_OBJECT_UUID,CHAR,38.0,,,Y
21.0,TOPGIS_GC,GC_LITSTRAT_BED_I,GEOL_CODE,NVARCHAR2,40.0,,,Y
22.0,TOPGIS_GC,GC_LITSTRAT_BED_I,GEOL_CODE_INT,NUMBER,22.0,,0.0,Y
23.0,TOPGIS_GC,GC_LITSTRAT_BED_I,GERMAN,NVARCHAR2,510.0,,,Y
24.0,TOPGIS_GC,GC_LITSTRAT_BED_I,TREE_LEVEL,NUMBER,22.0,,0.0,Y
25.0,TOPGIS_GC,GC_LITSTRAT_BED_I,INTEGRATION_STATUS,NUMBER,22.0,,0.0,Y
26.0,TOPGIS_GC,GC_LITSTRAT_BED_I,INTEGRATION_NOTES,NVARCHAR2,500.0,,,Y
27.0,TOPGIS_GC,GC_LITSTRAT_BED_I,CONFLICT_ROLE,NUMBER,22.0,,0.0,Y
28.0,TOPGIS_GC,GC_LITSTRAT_BED_I,CONFLICT_ID,CHAR,38.0,,,Y
29.0,TOPGIS_GC,GC_LITSTRAT_BED_I,PARENT_REF,NUMBER,22.0,,0.0,Y
1.0,TOPGIS_GC,GC_LITSTRAT_I,OBJECTID,NUMBER,22.0,,0.0,N
2.0,TOPGIS_GC,GC_LITSTRAT_I,UUID,CHAR,38.0,,,Y
3.0,TOPGIS_GC,GC_LITSTRAT_I,OPERATOR,NVARCHAR2,100.0,,,Y
4.0,TOPGIS_GC,GC_LITSTRAT_I,DATEOFCREATION,DATE,7.0,,,Y
5.0,TOPGIS_GC,GC_LITSTRAT_I,DATEOFCHANGE,DATE,7.0,,,Y
6.0,TOPGIS_GC,GC_LITSTRAT_I,CREATION_YEAR,NUMBER,22.0,,0.0,Y
7.0,TOPGIS_GC,GC_LITSTRAT_I,CREATION_MONTH,NUMBER,22.0,,0.0,Y
8.0,TOPGIS_GC,GC_LITSTRAT_I,REVISION_YEAR,NUMBER,22.0,,0.0,Y
9.0,TOPGIS_GC,GC_LITSTRAT_I,REVISION_MONTH,NUMBER,22.0,,0.0,Y
10.0,TOPGIS_GC,GC_LITSTRAT_I,REASONFORCHANGE,NUMBER,22.0,,0.0,Y
11.0,TOPGIS_GC,GC_LITSTRAT_I,OBJECTORIGIN,NUMBER,22.0,,0.0,Y
12.0,TOPGIS_GC,GC_LITSTRAT_I,OBJECTORIGIN_YEAR,NUMBER,22.0,,0.0,Y
13.0,TOPGIS_GC,GC_LITSTRAT_I,OBJECTORIGIN_MONTH,NUMBER,22.0,,0.0,Y
14.0,TOPGIS_GC,GC_LITSTRAT_I,RC_ID,NUMBER,22.0,,0.0,Y
15.0,TOPGIS_GC,GC_LITSTRAT_I,WU_ID,NUMBER,22.0,,0.0,Y
16.0,TOPGIS_GC,GC_LITSTRAT_I,RC_ID_CREATION,NUMBER,22.0,,0.0,Y
17.0,TOPGIS_GC,GC_LITSTRAT_I,WU_ID_CREATION,NUMBER,22.0,,0.0,Y
18.0,TOPGIS_GC,GC_LITSTRAT_I,REVISION_QUALITY,NVARCHAR2,30.0,,,Y
19.0,TOPGIS_GC,GC_LITSTRAT_I,ORIGINAL_ORIGIN,NUMBER,22.0,,0.0,Y
20.0,TOPGIS_GC,GC_LITSTRAT_I,INTEGRATION_OBJECT_UUID,CHAR,38.0,,,Y
21.0,TOPGIS_GC,GC_LITSTRAT_I,GEOL_CODE,NVARCHAR2,40.0,,,Y
22.0,TOPGIS_GC,GC_LITSTRAT_I,GEOL_CODE_INT,NUMBER,22.0,,0.0,Y
23.0,TOPGIS_GC,GC_LITSTRAT_I,GERMAN,NVARCHAR2,510.0,,,Y
24.0,TOPGIS_GC,GC_LITSTRAT_I,TREE_LEVEL,NUMBER,22.0,,0.0,Y
25.0,TOPGIS_GC,GC_LITSTRAT_I,INTEGRATION_STATUS,NUMBER,22.0,,0.0,Y
26.0,TOPGIS_GC,GC_LITSTRAT_I,INTEGRATION_NOTES,NVARCHAR2,500.0,,,Y
27.0,TOPGIS_GC,GC_LITSTRAT_I,CONFLICT_ROLE,NUMBER,22.0,,0.0,Y
28.0,TOPGIS_GC,GC_LITSTRAT_I,CONFLICT_ID,CHAR,38.0,,,Y
29.0,TOPGIS_GC,GC_LITSTRAT_I,PARENT_REF,NUMBER,22.0,,0.0,Y
1.0,TOPGIS_GC,GC_LITSTRAT_UNCO,OBJECTID,NUMBER,22.0,,0.0,N
2.0,TOPGIS_GC,GC_LITSTRAT_UNCO,UUID,CHAR,38.0,,,Y
3.0,TOPGIS_GC,GC_LITSTRAT_UNCO,OPERATOR,NVARCHAR2,100.0,,,Y
4.0,TOPGIS_GC,GC_LITSTRAT_UNCO,DATEOFCREATION,DATE,7.0,,,Y
5.0,TOPGIS_GC,GC_LITSTRAT_UNCO,DATEOFCHANGE,DATE,7.0,,,Y
6.0,TOPGIS_GC,GC_LITSTRAT_UNCO,CREATION_YEAR,NUMBER,22.0,,0.0,Y
7.0,TOPGIS_GC,GC_LITSTRAT_UNCO,CREATION_MONTH,NUMBER,22.0,,0.0,Y
8.0,TOPGIS_GC,GC_LITSTRAT_UNCO,REVISION_YEAR,NUMBER,22.0,,0.0,Y
9.0,TOPGIS_GC,GC_LITSTRAT_UNCO,REVISION_MONTH,NUMBER,22.0,,0.0,Y
10.0,TOPGIS_GC,GC_LITSTRAT_UNCO,REASONFORCHANGE,NUMBER,22.0,,0.0,Y
11.0,TOPGIS_GC,GC_LITSTRAT_UNCO,OBJECTORIGIN,NUMBER,22.0,,0.0,Y
12.0,TOPGIS_GC,GC_LITSTRAT_UNCO,OBJECTORIGIN_YEAR,NUMBER,22.0,,0.0,Y
13.0,TOPGIS_GC,GC_LITSTRAT_UNCO,OBJECTORIGIN_MONTH,NUMBER,22.0,,0.0,Y
14.0,TOPGIS_GC,GC_LITSTRAT_UNCO,RC_ID,NUMBER,22.0,,0.0,Y
15.0,TOPGIS_GC,GC_LITSTRAT_UNCO,WU_ID,NUMBER,22.0,,0.0,Y
16.0,TOPGIS_GC,GC_LITSTRAT_UNCO,RC_ID_CREATION,NUMBER,22.0,,0.0,Y
17.0,TOPGIS_GC,GC_LITSTRAT_UNCO,WU_ID_CREATION,NUMBER,22.0,,0.0,Y
18.0,TOPGIS_GC,GC_LITSTRAT_UNCO,REVISION_QUALITY,NVARCHAR2,30.0,,,Y
19.0,TOPGIS_GC,GC_LITSTRAT_UNCO,ORIGINAL_ORIGIN,NUMBER,22.0,,0.0,Y
20.0,TOPGIS_GC,GC_LITSTRAT_UNCO,INTEGRATION_OBJECT_UUID,CHAR,38.0,,,Y
21.0,TOPGIS_GC,GC_LITSTRAT_UNCO,GEOL_CODE,NVARCHAR2,40.0,,,Y
22.0,TOPGIS_GC,GC_LITSTRAT_UNCO,GEOL_CODE_INT,NUMBER,22.0,,0.0,Y
23.0,TOPGIS_GC,GC_LITSTRAT_UNCO,GERMAN,NVARCHAR2,510.0,,,Y
24.0,TOPGIS_GC,GC_LITSTRAT_UNCO,TREE_LEVEL,NUMBER,22.0,,0.0,Y
25.0,TOPGIS_GC,GC_LITSTRAT_UNCO,PARENT_REF,NUMBER,22.0,,0.0,Y
1.0,TOPGIS_GC,GC_MAPSHEET,OBJECTID,NUMBER,22.0,,0.0,N
2.0,TOPGIS_GC,GC_MAPSHEET,UUID,CHAR,38.0,,,Y
3.0,TOPGIS_GC,GC_MAPSHEET,OPERATOR,NVARCHAR2,100.0,,,Y
4.0,TOPGIS_GC,GC_MAPSHEET,DATEOFCREATION,DATE,7.0,,,Y
5.0,TOPGIS_GC,GC_MAPSHEET,DATEOFCHANGE,DATE,7.0,,,Y
6.0,TOPGIS_GC,GC_MAPSHEET,CREATION_YEAR,NUMBER,22.0,,0.0,Y
7.0,TOPGIS_GC,GC_MAPSHEET,CREATION_MONTH,NUMBER,22.0,,0.0,Y
8.0,TOPGIS_GC,GC_MAPSHEET,REVISION_YEAR,NUMBER,22.0,,0.0,Y
9.0,TOPGIS_GC,GC_MAPSHEET,REVISION_MONTH,NUMBER,22.0,,0.0,Y
10.0,TOPGIS_GC,GC_MAPSHEET,REASONFORCHANGE,NUMBER,22.0,,0.0,Y
11.0,TOPGIS_GC,GC_MAPSHEET,OBJECTORIGIN,NUMBER,22.0,,0.0,Y
12.0,TOPGIS_GC,GC_MAPSHEET,OBJECTORIGIN_YEAR,NUMBER,22.0,,0.0,Y
13.0,TOPGIS_GC,GC_MAPSHEET,OBJECTORIGIN_MONTH,NUMBER,22.0,,0.0,Y
14.0,TOPGIS_GC,GC_MAPSHEET,RC_ID,NUMBER,22.0,,0.0,Y
15.0,TOPGIS_GC,GC_MAPSHEET,WU_ID,NUMBER,22.0,,0.0,Y
16.0,TOPGIS_GC,GC_MAPSHEET,RC_ID_CREATION,NUMBER,22.0,,0.0,Y
17.0,TOPGIS_GC,GC_MAPSHEET,WU_ID_CREATION,NUMBER,22.0,,0.0,Y
18.0,TOPGIS_GC,GC_MAPSHEET,REVISION_QUALITY,NVARCHAR2,30.0,,,Y
19.0,TOPGIS_GC,GC_MAPSHEET,ORIGINAL_ORIGIN,NUMBER,22.0,,0.0,Y
20.0,TOPGIS_GC,GC_MAPSHEET,INTEGRATION_OBJECT_UUID,CHAR,38.0,,,Y
21.0,TOPGIS_GC,GC_MAPSHEET,MSH_MAP_TITLE,NVARCHAR2,510.0,,,Y
22.0,TOPGIS_GC,GC_MAPSHEET,MSH_MAP_NBR,NUMBER,22.0,,0.0,Y
23.0,TOPGIS_GC,GC_MAPSHEET,MSH_MAP_SCALE,NVARCHAR2,510.0,,,Y
24.0,TOPGIS_GC,GC_MAPSHEET,MSH_BASIS_TOPO,NVARCHAR2,510.0,,,Y
25.0,TOPGIS_GC,GC_MAPSHEET,MSH_AUTHOR,NVARCHAR2,510.0,,,Y
26.0,TOPGIS_GC,GC_MAPSHEET,MSH_OWNER,NVARCHAR2,510.0,,,Y
27.0,TOPGIS_GC,GC_MAPSHEET,MSH_MAPPING_PERIOD,NVARCHAR2,510.0,,,Y
28.0,TOPGIS_GC,GC_MAPSHEET,MSH_PUBL_YEAR,NUMBER,22.0,,0.0,Y
29.0,TOPGIS_GC,GC_MAPSHEET,MSH_BASIS_VECT,NVARCHAR2,510.0,,,Y
30.0,TOPGIS_GC,GC_MAPSHEET,SHAPE,ST_GEOMETRY,256.0,,,Y
31.0,TOPGIS_GC,GC_MAPSHEET,MSH_MORE_INFO,NVARCHAR2,510.0,,,Y
32.0,TOPGIS_GC,GC_MAPSHEET,MSH_TOPO_NR,NUMBER,22.0,,0.0,Y
1.0,TOPGIS_GC,GC_MAPSHEET_I,OBJECTID,NUMBER,22.0,,0.0,N
2.0,TOPGIS_GC,GC_MAPSHEET_I,UUID,CHAR,38.0,,,Y
3.0,TOPGIS_GC,GC_MAPSHEET_I,OPERATOR,NVARCHAR2,100.0,,,Y
4.0,TOPGIS_GC,GC_MAPSHEET_I,DATEOFCREATION,DATE,7.0,,,Y
5.0,TOPGIS_GC,GC_MAPSHEET_I,DATEOFCHANGE,DATE,7.0,,,Y
6.0,TOPGIS_GC,GC_MAPSHEET_I,CREATION_YEAR,NUMBER,22.0,,0.0,Y
7.0,TOPGIS_GC,GC_MAPSHEET_I,CREATION_MONTH,NUMBER,22.0,,0.0,Y
8.0,TOPGIS_GC,GC_MAPSHEET_I,REVISION_YEAR,NUMBER,22.0,,0.0,Y
9.0,TOPGIS_GC,GC_MAPSHEET_I,REVISION_MONTH,NUMBER,22.0,,0.0,Y
10.0,TOPGIS_GC,GC_MAPSHEET_I,REASONFORCHANGE,NUMBER,22.0,,0.0,Y
11.0,TOPGIS_GC,GC_MAPSHEET_I,OBJECTORIGIN,NUMBER,22.0,,0.0,Y
12.0,TOPGIS_GC,GC_MAPSHEET_I,OBJECTORIGIN_YEAR,NUMBER,22.0,,0.0,Y
13.0,TOPGIS_GC,GC_MAPSHEET_I,OBJECTORIGIN_MONTH,NUMBER,22.0,,0.0,Y
14.0,TOPGIS_GC,GC_MAPSHEET_I,RC_ID,NUMBER,22.0,,0.0,Y
15.0,TOPGIS_GC,GC_MAPSHEET_I,WU_ID,NUMBER,22.0,,0.0,Y
16.0,TOPGIS_GC,GC_MAPSHEET_I,RC_ID_CREATION,NUMBER,22.0,,0.0,Y
17.0,TOPGIS_GC,GC_MAPSHEET_I,WU_ID_CREATION,NUMBER,22.0,,0.0,Y
18.0,TOPGIS_GC,GC_MAPSHEET_I,REVISION_QUALITY,NVARCHAR2,30.0,,,Y
19.0,TOPGIS_GC,GC_MAPSHEET_I,ORIGINAL_ORIGIN,NUMBER,22.0,,0.0,Y
20.0,TOPGIS_GC,GC_MAPSHEET_I,MSH_MAP_TITLE,NVARCHAR2,510.0,,,Y
21.0,TOPGIS_GC,GC_MAPSHEET_I,MSH_MAP_NBR,NUMBER,22.0,,0.0,Y
22.0,TOPGIS_GC,GC_MAPSHEET_I,MSH_MAP_SCALE,NVARCHAR2,510.0,,,Y
23.0,TOPGIS_GC,GC_MAPSHEET_I,MSH_BASIS_TOPO,NVARCHAR2,510.0,,,Y
24.0,TOPGIS_GC,GC_MAPSHEET_I,MSH_AUTHOR,NVARCHAR2,510.0,,,Y
25.0,TOPGIS_GC,GC_MAPSHEET_I,MSH_OWNER,NVARCHAR2,510.0,,,Y
26.0,TOPGIS_GC,GC_MAPSHEET_I,MSH_MAPPING_PERIOD,NVARCHAR2,510.0,,,Y
27.0,TOPGIS_GC,GC_MAPSHEET_I,MSH_PUBL_YEAR,NUMBER,22.0,,0.0,Y
28.0,TOPGIS_GC,GC_MAPSHEET_I,MSH_BASIS_VECT,NVARCHAR2,510.0,,,Y
29.0,TOPGIS_GC,GC_MAPSHEET_I,INTEGRATION_STATUS,NUMBER,22.0,,0.0,Y
30.0,TOPGIS_GC,GC_MAPSHEET_I,INTEGRATION_NOTES,NVARCHAR2,500.0,,,Y
31.0,TOPGIS_GC,GC_MAPSHEET_I,CONFLICT_ROLE,NUMBER,22.0,,0.0,Y
32.0,TOPGIS_GC,GC_MAPSHEET_I,CONFLICT_ID,CHAR,38.0,,,Y
33.0,TOPGIS_GC,GC_MAPSHEET_I,SHAPE,ST_GEOMETRY,256.0,,,Y
34.0,TOPGIS_GC,GC_MAPSHEET_I,MSH_MORE_INFO,NVARCHAR2,510.0,,,Y
35.0,TOPGIS_GC,GC_MAPSHEET_I,MSH_TOPO_NR,NUMBER,22.0,,0.0,Y
1.0,TOPGIS_GC,GC_POINT_OBJECTS,OBJECTID,NUMBER,22.0,,0.0,N
2.0,TOPGIS_GC,GC_POINT_OBJECTS,UUID,CHAR,38.0,,,Y
3.0,TOPGIS_GC,GC_POINT_OBJECTS,OPERATOR,NVARCHAR2,100.0,,,Y
4.0,TOPGIS_GC,GC_POINT_OBJECTS,DATEOFCREATION,DATE,7.0,,,Y
5.0,TOPGIS_GC,GC_POINT_OBJECTS,DATEOFCHANGE,DATE,7.0,,,Y
6.0,TOPGIS_GC,GC_POINT_OBJECTS,CREATION_YEAR,NUMBER,22.0,,0.0,Y
7.0,TOPGIS_GC,GC_POINT_OBJECTS,CREATION_MONTH,NUMBER,22.0,,0.0,Y
8.0,TOPGIS_GC,GC_POINT_OBJECTS,REVISION_YEAR,NUMBER,22.0,,0.0,Y
9.0,TOPGIS_GC,GC_POINT_OBJECTS,REVISION_MONTH,NUMBER,22.0,,0.0,Y
10.0,TOPGIS_GC,GC_POINT_OBJECTS,REASONFORCHANGE,NUMBER,22.0,,0.0,Y
11.0,TOPGIS_GC,GC_POINT_OBJECTS,OBJECTORIGIN,NUMBER,22.0,,0.0,Y
12.0,TOPGIS_GC,GC_POINT_OBJECTS,OBJECTORIGIN_YEAR,NUMBER,22.0,,0.0,Y
13.0,TOPGIS_GC,GC_POINT_OBJECTS,OBJECTORIGIN_MONTH,NUMBER,22.0,,0.0,Y
14.0,TOPGIS_GC,GC_POINT_OBJECTS,KIND,NUMBER,22.0,,0.0,Y
15.0,TOPGIS_GC,GC_POINT_OBJECTS,RC_ID,NUMBER,22.0,,0.0,Y
16.0,TOPGIS_GC,GC_POINT_OBJECTS,WU_ID,NUMBER,22.0,,0.0,Y
17.0,TOPGIS_GC,GC_POINT_OBJECTS,RC_ID_CREATION,NUMBER,22.0,,0.0,Y
18.0,TOPGIS_GC,GC_POINT_OBJECTS,WU_ID_CREATION,NUMBER,22.0,,0.0,Y
19.0,TOPGIS_GC,GC_POINT_OBJECTS,REVISION_QUALITY,NVARCHAR2,30.0,,,Y
20.0,TOPGIS_GC,GC_POINT_OBJECTS,ORIGINAL_ORIGIN,NUMBER,22.0,,0.0,Y
21.0,TOPGIS_GC,GC_POINT_OBJECTS,INTEGRATION_OBJECT_UUID,CHAR,38.0,,,Y
22.0,TOPGIS_GC,GC_POINT_OBJECTS,MORE_INFO,NVARCHAR2,510.0,,,Y
23.0,TOPGIS_GC,GC_POINT_OBJECTS,SYMBOL,NVARCHAR2,20.0,,,Y
24.0,TOPGIS_GC,GC_POINT_OBJECTS,RUNC_MAT_TYPE,NUMBER,22.0,,0.0,Y
25.0,TOPGIS_GC,GC_POINT_OBJECTS,ABOR_FM_A,NUMBER,22.0,,0.0,Y
26.0,TOPGIS_GC,GC_POINT_OBJECTS,ABOR_FM_B,NUMBER,22.0,,0.0,Y
27.0,TOPGIS_GC,GC_POINT_OBJECTS,PSLO_FORMATIO,NUMBER,22.0,,0.0,Y
28.0,TOPGIS_GC,GC_POINT_OBJECTS,AARC_EPOCH,NUMBER,22.0,,0.0,Y
29.0,TOPGIS_GC,GC_POINT_OBJECTS,AARC_PERIOD,NUMBER,22.0,,0.0,Y
30.0,TOPGIS_GC,GC_POINT_OBJECTS,AARC_AGE,NUMBER,22.0,,0.0,Y
31.0,TOPGIS_GC,GC_POINT_OBJECTS,AARC_TYPE,NUMBER,22.0,,0.0,Y
32.0,TOPGIS_GC,GC_POINT_OBJECTS,ABOR_MAIN_TAR,NUMBER,22.0,,0.0,Y
33.0,TOPGIS_GC,GC_POINT_OBJECTS,ABOR_TARG_MAT,NUMBER,22.0,,0.0,Y
34.0,TOPGIS_GC,GC_POINT_OBJECTS,ABOR_D_C_UNDERG,NUMBER,22.0,,0.0,Y
35.0,TOPGIS_GC,GC_POINT_OBJECTS,GKAR_ICE_CAVE,NUMBER,22.0,,0.0,Y
36.0,TOPGIS_GC,GC_POINT_OBJECTS,HCON_STATUS,NUMBER,22.0,,0.0,Y
37.0,TOPGIS_GC,GC_POINT_OBJECTS,HCON_EPOCH,NUMBER,22.0,,0.0,Y
38.0,TOPGIS_GC,GC_POINT_OBJECTS,HSUR_STATUS,NUMBER,22.0,,0.0,Y
39.0,TOPGIS_GC,GC_POINT_OBJECTS,HSUR_FLOW_CON,NUMBER,22.0,,0.0,Y
40.0,TOPGIS_GC,GC_POINT_OBJECTS,HSUR_TYPE,NUMBER,22.0,,0.0,Y
41.0,TOPGIS_GC,GC_POINT_OBJECTS,HSUR_DIS_LOCA,NUMBER,22.0,,0.0,Y
42.0,TOPGIS_GC,GC_POINT_OBJECTS,HSUR_COMBI,NUMBER,22.0,,0.0,Y
43.0,TOPGIS_GC,GC_POINT_OBJECTS,LANO_TYPE,NUMBER,22.0,,0.0,Y
44.0,TOPGIS_GC,GC_POINT_OBJECTS,LRES_STATUS,NUMBER,22.0,,0.0,Y
45.0,TOPGIS_GC,GC_POINT_OBJECTS,LRES_MATERIAL,NUMBER,22.0,,0.0,Y
46.0,TOPGIS_GC,GC_POINT_OBJECTS,LTYP_STRATI,NUMBER,22.0,,0.0,Y
47.0,TOPGIS_GC,GC_POINT_OBJECTS,LTYP_ACCESSIBIL,NUMBER,22.0,,0.0,Y
48.0,TOPGIS_GC,GC_POINT_OBJECTS,LTYP_PROTECTED,NUMBER,22.0,,0.0,Y
49.0,TOPGIS_GC,GC_POINT_OBJECTS,MFOL_FOLD_TYP,NUMBER,22.0,,0.0,Y
50.0,TOPGIS_GC,GC_POINT_OBJECTS,MFOL_PHASE,NUMBER,22.0,,0.0,Y
51.0,TOPGIS_GC,GC_POINT_OBJECTS,MPLA_POLARITY,NUMBER,22.0,,0.0,Y
52.0,TOPGIS_GC,GC_POINT_OBJECTS,MPLA_PHASE,NUMBER,22.0,,0.0,Y
53.0,TOPGIS_GC,GC_POINT_OBJECTS,MPLA_OB_DIP_SLO,NUMBER,22.0,,0.0,Y
54.0,TOPGIS_GC,GC_POINT_OBJECTS,PSLO_TYPE,NUMBER,22.0,,0.0,Y
55.0,TOPGIS_GC,GC_POINT_OBJECTS,RUNC_STATUS,NUMBER,22.0,,0.0,Y
56.0,TOPGIS_GC,GC_POINT_OBJECTS,RUNC_ROCK_TYP,NUMBER,22.0,,0.0,Y
57.0,TOPGIS_GC,GC_POINT_OBJECTS,RUNC_ROCK_SPE,NUMBER,22.0,,0.0,Y
58.0,TOPGIS_GC,GC_POINT_OBJECTS,RUNC_PROTECTED,NUMBER,22.0,,0.0,Y
59.0,TOPGIS_GC,GC_POINT_OBJECTS,TDEF_FOLD_TYP,NUMBER,22.0,,0.0,Y
60.0,TOPGIS_GC,GC_POINT_OBJECTS,TDEF_FOLD_FOR,NUMBER,22.0,,0.0,Y
61.0,TOPGIS_GC,GC_POINT_OBJECTS,ABOR_DEPTH_BEDR,NUMBER,22.0,38.0,8.0,Y
62.0,TOPGIS_GC,GC_POINT_OBJECTS,ABOR_DEPTH_TOT,NUMBER,22.0,38.0,8.0,Y
63.0,TOPGIS_GC,GC_POINT_OBJECTS,ABOR_DEPTH_FM_A,NUMBER,22.0,38.0,8.0,Y
64.0,TOPGIS_GC,GC_POINT_OBJECTS,ABOR_DEPTH_FM_B,NUMBER,22.0,38.0,8.0,Y
65.0,TOPGIS_GC,GC_POINT_OBJECTS,ABOR_DEPTH_WT,NUMBER,22.0,38.0,8.0,Y
66.0,TOPGIS_GC,GC_POINT_OBJECTS,AZIMUTH,NUMBER,22.0,,0.0,Y
67.0,TOPGIS_GC,GC_POINT_OBJECTS,DIP,NUMBER,22.0,,0.0,Y
68.0,TOPGIS_GC,GC_POINT_OBJECTS,ABOR_REF_NUMBER,NUMBER,22.0,,0.0,Y
69.0,TOPGIS_GC,GC_POINT_OBJECTS,ABOR_LINK,NUMBER,22.0,,0.0,Y
70.0,TOPGIS_GC,GC_POINT_OBJECTS,HCON_DEPTH,NUMBER,22.0,38.0,8.0,Y
71.0,TOPGIS_GC,GC_POINT_OBJECTS,HCON_DEPTH_WT,NUMBER,22.0,38.0,8.0,Y
72.0,TOPGIS_GC,GC_POINT_OBJECTS,HCON_MEA_PERIOD,NVARCHAR2,510.0,,,Y
73.0,TOPGIS_GC,GC_POINT_OBJECTS,HSUR_TEMP,NUMBER,22.0,,0.0,Y
74.0,TOPGIS_GC,GC_POINT_OBJECTS,HSUR_CHEMISTRY,NVARCHAR2,510.0,,,Y
75.0,TOPGIS_GC,GC_POINT_OBJECTS,LRES_CHEMISTRY,NVARCHAR2,510.0,,,Y
76.0,TOPGIS_GC,GC_POINT_OBJECTS,LTYP_NAME,NVARCHAR2,510.0,,,Y
77.0,TOPGIS_GC,GC_POINT_OBJECTS,MFOL_PHASE_REF,NVARCHAR2,510.0,,,Y
78.0,TOPGIS_GC,GC_POINT_OBJECTS,MPLA_PHASE_REF,NVARCHAR2,510.0,,,Y
79.0,TOPGIS_GC,GC_POINT_OBJECTS,PMOD_HEIGHT,NUMBER,22.0,38.0,8.0,Y
80.0,TOPGIS_GC,GC_POINT_OBJECTS,PMOD_MEA_PERIOD,NVARCHAR2,510.0,,,Y
81.0,TOPGIS_GC,GC_POINT_OBJECTS,RUNC_ORIG_DESCR,NVARCHAR2,510.0,,,Y
82.0,TOPGIS_GC,GC_POINT_OBJECTS,LMIS_ORIG_ID,NVARCHAR2,510.0,,,Y
83.0,TOPGIS_GC,GC_POINT_OBJECTS,SHAPE,ST_GEOMETRY,256.0,,,Y
84.0,TOPGIS_GC,GC_POINT_OBJECTS,PRINTED,NUMBER,22.0,,0.0,Y
85.0,TOPGIS_GC,GC_POINT_OBJECTS,ABOR_LITHO,NUMBER,22.0,,0.0,Y
1.0,TOPGIS_GC,GC_POINT_OBJECTS_I,OBJECTID,NUMBER,22.0,,0.0,N
2.0,TOPGIS_GC,GC_POINT_OBJECTS_I,UUID,CHAR,38.0,,,Y
3.0,TOPGIS_GC,GC_POINT_OBJECTS_I,OPERATOR,NVARCHAR2,100.0,,,Y
4.0,TOPGIS_GC,GC_POINT_OBJECTS_I,DATEOFCREATION,DATE,7.0,,,Y
5.0,TOPGIS_GC,GC_POINT_OBJECTS_I,DATEOFCHANGE,DATE,7.0,,,Y
6.0,TOPGIS_GC,GC_POINT_OBJECTS_I,CREATION_YEAR,NUMBER,22.0,,0.0,Y
7.0,TOPGIS_GC,GC_POINT_OBJECTS_I,CREATION_MONTH,NUMBER,22.0,,0.0,Y
8.0,TOPGIS_GC,GC_POINT_OBJECTS_I,REVISION_YEAR,NUMBER,22.0,,0.0,Y
9.0,TOPGIS_GC,GC_POINT_OBJECTS_I,REVISION_MONTH,NUMBER,22.0,,0.0,Y
10.0,TOPGIS_GC,GC_POINT_OBJECTS_I,REASONFORCHANGE,NUMBER,22.0,,0.0,Y
11.0,TOPGIS_GC,GC_POINT_OBJECTS_I,OBJECTORIGIN,NUMBER,22.0,,0.0,Y
12.0,TOPGIS_GC,GC_POINT_OBJECTS_I,OBJECTORIGIN_YEAR,NUMBER,22.0,,0.0,Y
13.0,TOPGIS_GC,GC_POINT_OBJECTS_I,OBJECTORIGIN_MONTH,NUMBER,22.0,,0.0,Y
14.0,TOPGIS_GC,GC_POINT_OBJECTS_I,KIND,NUMBER,22.0,,0.0,Y
15.0,TOPGIS_GC,GC_POINT_OBJECTS_I,RC_ID,NUMBER,22.0,,0.0,Y
16.0,TOPGIS_GC,GC_POINT_OBJECTS_I,WU_ID,NUMBER,22.0,,0.0,Y
17.0,TOPGIS_GC,GC_POINT_OBJECTS_I,RC_ID_CREATION,NUMBER,22.0,,0.0,Y
18.0,TOPGIS_GC,GC_POINT_OBJECTS_I,WU_ID_CREATION,NUMBER,22.0,,0.0,Y
19.0,TOPGIS_GC,GC_POINT_OBJECTS_I,REVISION_QUALITY,NVARCHAR2,30.0,,,Y
20.0,TOPGIS_GC,GC_POINT_OBJECTS_I,ORIGINAL_ORIGIN,NUMBER,22.0,,0.0,Y
21.0,TOPGIS_GC,GC_POINT_OBJECTS_I,MORE_INFO,NVARCHAR2,510.0,,,Y
22.0,TOPGIS_GC,GC_POINT_OBJECTS_I,SYMBOL,NVARCHAR2,20.0,,,Y
23.0,TOPGIS_GC,GC_POINT_OBJECTS_I,RUNC_MAT_TYPE,NUMBER,22.0,,0.0,Y
24.0,TOPGIS_GC,GC_POINT_OBJECTS_I,ABOR_FM_A,NUMBER,22.0,,0.0,Y
25.0,TOPGIS_GC,GC_POINT_OBJECTS_I,ABOR_FM_B,NUMBER,22.0,,0.0,Y
26.0,TOPGIS_GC,GC_POINT_OBJECTS_I,PSLO_FORMATIO,NUMBER,22.0,,0.0,Y
27.0,TOPGIS_GC,GC_POINT_OBJECTS_I,AARC_EPOCH,NUMBER,22.0,,0.0,Y
28.0,TOPGIS_GC,GC_POINT_OBJECTS_I,AARC_PERIOD,NUMBER,22.0,,0.0,Y
29.0,TOPGIS_GC,GC_POINT_OBJECTS_I,AARC_AGE,NUMBER,22.0,,0.0,Y
30.0,TOPGIS_GC,GC_POINT_OBJECTS_I,AARC_TYPE,NUMBER,22.0,,0.0,Y
31.0,TOPGIS_GC,GC_POINT_OBJECTS_I,ABOR_MAIN_TAR,NUMBER,22.0,,0.0,Y
32.0,TOPGIS_GC,GC_POINT_OBJECTS_I,ABOR_TARG_MAT,NUMBER,22.0,,0.0,Y
33.0,TOPGIS_GC,GC_POINT_OBJECTS_I,ABOR_D_C_UNDERG,NUMBER,22.0,,0.0,Y
34.0,TOPGIS_GC,GC_POINT_OBJECTS_I,GKAR_ICE_CAVE,NUMBER,22.0,,0.0,Y
35.0,TOPGIS_GC,GC_POINT_OBJECTS_I,HCON_STATUS,NUMBER,22.0,,0.0,Y
36.0,TOPGIS_GC,GC_POINT_OBJECTS_I,HCON_EPOCH,NUMBER,22.0,,0.0,Y
37.0,TOPGIS_GC,GC_POINT_OBJECTS_I,HSUR_STATUS,NUMBER,22.0,,0.0,Y
38.0,TOPGIS_GC,GC_POINT_OBJECTS_I,HSUR_FLOW_CON,NUMBER,22.0,,0.0,Y
39.0,TOPGIS_GC,GC_POINT_OBJECTS_I,HSUR_TYPE,NUMBER,22.0,,0.0,Y
40.0,TOPGIS_GC,GC_POINT_OBJECTS_I,HSUR_DIS_LOCA,NUMBER,22.0,,0.0,Y
41.0,TOPGIS_GC,GC_POINT_OBJECTS_I,HSUR_COMBI,NUMBER,22.0,,0.0,Y
42.0,TOPGIS_GC,GC_POINT_OBJECTS_I,LANO_TYPE,NUMBER,22.0,,0.0,Y
43.0,TOPGIS_GC,GC_POINT_OBJECTS_I,LRES_STATUS,NUMBER,22.0,,0.0,Y
44.0,TOPGIS_GC,GC_POINT_OBJECTS_I,LRES_MATERIAL,NUMBER,22.0,,0.0,Y
45.0,TOPGIS_GC,GC_POINT_OBJECTS_I,LTYP_STRATI,NUMBER,22.0,,0.0,Y
46.0,TOPGIS_GC,GC_POINT_OBJECTS_I,LTYP_ACCESSIBIL,NUMBER,22.0,,0.0,Y
47.0,TOPGIS_GC,GC_POINT_OBJECTS_I,LTYP_PROTECTED,NUMBER,22.0,,0.0,Y
48.0,TOPGIS_GC,GC_POINT_OBJECTS_I,MFOL_FOLD_TYP,NUMBER,22.0,,0.0,Y
49.0,TOPGIS_GC,GC_POINT_OBJECTS_I,MFOL_PHASE,NUMBER,22.0,,0.0,Y
50.0,TOPGIS_GC,GC_POINT_OBJECTS_I,MPLA_POLARITY,NUMBER,22.0,,0.0,Y
51.0,TOPGIS_GC,GC_POINT_OBJECTS_I,MPLA_PHASE,NUMBER,22.0,,0.0,Y
52.0,TOPGIS_GC,GC_POINT_OBJECTS_I,MPLA_OB_DIP_SLO,NUMBER,22.0,,0.0,Y
53.0,TOPGIS_GC,GC_POINT_OBJECTS_I,PSLO_TYPE,NUMBER,22.0,,0.0,Y
54.0,TOPGIS_GC,GC_POINT_OBJECTS_I,RUNC_STATUS,NUMBER,22.0,,0.0,Y
55.0,TOPGIS_GC,GC_POINT_OBJECTS_I,RUNC_ROCK_TYP,NUMBER,22.0,,0.0,Y
56.0,TOPGIS_GC,GC_POINT_OBJECTS_I,RUNC_ROCK_SPE,NUMBER,22.0,,0.0,Y
57.0,TOPGIS_GC,GC_POINT_OBJECTS_I,RUNC_PROTECTED,NUMBER,22.0,,0.0,Y
58.0,TOPGIS_GC,GC_POINT_OBJECTS_I,TDEF_FOLD_TYP,NUMBER,22.0,,0.0,Y
59.0,TOPGIS_GC,GC_POINT_OBJECTS_I,TDEF_FOLD_FOR,NUMBER,22.0,,0.0,Y
60.0,TOPGIS_GC,GC_POINT_OBJECTS_I,ABOR_DEPTH_BEDR,NUMBER,22.0,38.0,8.0,Y
61.0,TOPGIS_GC,GC_POINT_OBJECTS_I,ABOR_DEPTH_TOT,NUMBER,22.0,38.0,8.0,Y
62.0,TOPGIS_GC,GC_POINT_OBJECTS_I,ABOR_DEPTH_FM_A,NUMBER,22.0,38.0,8.0,Y
63.0,TOPGIS_GC,GC_POINT_OBJECTS_I,ABOR_DEPTH_FM_B,NUMBER,22.0,38.0,8.0,Y
64.0,TOPGIS_GC,GC_POINT_OBJECTS_I,ABOR_DEPTH_WT,NUMBER,22.0,38.0,8.0,Y
65.0,TOPGIS_GC,GC_POINT_OBJECTS_I,AZIMUTH,NUMBER,22.0,,0.0,Y
66.0,TOPGIS_GC,GC_POINT_OBJECTS_I,DIP,NUMBER,22.0,,0.0,Y
67.0,TOPGIS_GC,GC_POINT_OBJECTS_I,ABOR_REF_NUMBER,NUMBER,22.0,,0.0,Y
68.0,TOPGIS_GC,GC_POINT_OBJECTS_I,ABOR_LINK,NUMBER,22.0,,0.0,Y
69.0,TOPGIS_GC,GC_POINT_OBJECTS_I,HCON_DEPTH,NUMBER,22.0,38.0,8.0,Y
70.0,TOPGIS_GC,GC_POINT_OBJECTS_I,HCON_DEPTH_WT,NUMBER,22.0,38.0,8.0,Y
71.0,TOPGIS_GC,GC_POINT_OBJECTS_I,HCON_MEA_PERIOD,NVARCHAR2,510.0,,,Y
72.0,TOPGIS_GC,GC_POINT_OBJECTS_I,HSUR_TEMP,NUMBER,22.0,,0.0,Y
73.0,TOPGIS_GC,GC_POINT_OBJECTS_I,HSUR_CHEMISTRY,NVARCHAR2,510.0,,,Y
74.0,TOPGIS_GC,GC_POINT_OBJECTS_I,LRES_CHEMISTRY,NVARCHAR2,510.0,,,Y
75.0,TOPGIS_GC,GC_POINT_OBJECTS_I,LTYP_NAME,NVARCHAR2,510.0,,,Y
76.0,TOPGIS_GC,GC_POINT_OBJECTS_I,MFOL_PHASE_REF,NVARCHAR2,510.0,,,Y
77.0,TOPGIS_GC,GC_POINT_OBJECTS_I,MPLA_PHASE_REF,NVARCHAR2,510.0,,,Y
78.0,TOPGIS_GC,GC_POINT_OBJECTS_I,PMOD_HEIGHT,NUMBER,22.0,38.0,8.0,Y
79.0,TOPGIS_GC,GC_POINT_OBJECTS_I,PMOD_MEA_PERIOD,NVARCHAR2,510.0,,,Y
80.0,TOPGIS_GC,GC_POINT_OBJECTS_I,RUNC_ORIG_DESCR,NVARCHAR2,510.0,,,Y
81.0,TOPGIS_GC,GC_POINT_OBJECTS_I,LMIS_ORIG_ID,NVARCHAR2,510.0,,,Y
82.0,TOPGIS_GC,GC_POINT_OBJECTS_I,INTEGRATION_STATUS,NUMBER,22.0,,0.0,Y
83.0,TOPGIS_GC,GC_POINT_OBJECTS_I,INTEGRATION_NOTES,NVARCHAR2,500.0,,,Y
84.0,TOPGIS_GC,GC_POINT_OBJECTS_I,CONFLICT_ROLE,NUMBER,22.0,,0.0,Y
85.0,TOPGIS_GC,GC_POINT_OBJECTS_I,CONFLICT_ID,CHAR,38.0,,,Y
86.0,TOPGIS_GC,GC_POINT_OBJECTS_I,SHAPE,ST_GEOMETRY,256.0,,,Y
87.0,TOPGIS_GC,GC_POINT_OBJECTS_I,PRINTED,NUMBER,22.0,,0.0,Y
88.0,TOPGIS_GC,GC_POINT_OBJECTS_I,ABOR_LITHO,NUMBER,22.0,,0.0,Y
1.0,TOPGIS_GC,GC_REVISIONSEBENE,OBJECTID,NUMBER,22.0,,0.0,N
2.0,TOPGIS_GC,GC_REVISIONSEBENE,UUID,CHAR,38.0,,,Y
3.0,TOPGIS_GC,GC_REVISIONSEBENE,OPERATEUR,NVARCHAR2,20.0,,,Y
4.0,TOPGIS_GC,GC_REVISIONSEBENE,DATUM_AENDERUNG,DATE,7.0,,,Y
5.0,TOPGIS_GC,GC_REVISIONSEBENE,DATUM_ERSTELLUNG,DATE,7.0,,,Y
6.0,TOPGIS_GC,GC_REVISIONSEBENE,ERSTELLUNG_JAHR,NUMBER,22.0,,0.0,Y
7.0,TOPGIS_GC,GC_REVISIONSEBENE,ERSTELLUNG_MONAT,NUMBER,22.0,,0.0,Y
8.0,TOPGIS_GC,GC_REVISIONSEBENE,REVISION_JAHR,NUMBER,22.0,,0.0,Y
9.0,TOPGIS_GC,GC_REVISIONSEBENE,REVISION_MONAT,NUMBER,22.0,,0.0,Y
10.0,TOPGIS_GC,GC_REVISIONSEBENE,TOPIC,NUMBER,22.0,,0.0,Y
11.0,TOPGIS_GC,GC_REVISIONSEBENE,FEATUREKLASSE,NUMBER,22.0,,0.0,Y
12.0,TOPGIS_GC,GC_REVISIONSEBENE,STATUS,NUMBER,22.0,,0.0,Y
13.0,TOPGIS_GC,GC_REVISIONSEBENE,HERKUNFT,NUMBER,22.0,,0.0,Y
14.0,TOPGIS_GC,GC_REVISIONSEBENE,PRODUKT,NUMBER,22.0,,0.0,Y
15.0,TOPGIS_GC,GC_REVISIONSEBENE,NAME,NVARCHAR2,510.0,,,Y
16.0,TOPGIS_GC,GC_REVISIONSEBENE,TELEFONNUMMER,NVARCHAR2,50.0,,,Y
17.0,TOPGIS_GC,GC_REVISIONSEBENE,EMAIL,NVARCHAR2,100.0,,,Y
18.0,TOPGIS_GC,GC_REVISIONSEBENE,FELD_RELEVANT,NUMBER,22.0,,0.0,Y
19.0,TOPGIS_GC,GC_REVISIONSEBENE,ZUWEISUNG,NUMBER,22.0,,0.0,Y
20.0,TOPGIS_GC,GC_REVISIONSEBENE,PRIORISIERUNG,NUMBER,22.0,,0.0,Y
21.0,TOPGIS_GC,GC_REVISIONSEBENE,AENDERUNGSHINWEIS,NVARCHAR2,1000.0,,,Y
22.0,TOPGIS_GC,GC_REVISIONSEBENE,KUNDENMELDUNG,NVARCHAR2,1000.0,,,Y
23.0,TOPGIS_GC,GC_REVISIONSEBENE,BEARBEITUNGSSCHRITT,NUMBER,22.0,,0.0,Y
24.0,TOPGIS_GC,GC_REVISIONSEBENE,ATTACHMENT,NVARCHAR2,510.0,,,Y
25.0,TOPGIS_GC,GC_REVISIONSEBENE,SHAPE,ST_GEOMETRY,256.0,,,Y
1.0,TOPGIS_GC,GC_SURFACES,OBJECTID,NUMBER,22.0,,0.0,N
2.0,TOPGIS_GC,GC_SURFACES,UUID,CHAR,38.0,,,Y
3.0,TOPGIS_GC,GC_SURFACES,OPERATOR,NVARCHAR2,100.0,,,Y
4.0,TOPGIS_GC,GC_SURFACES,DATEOFCREATION,DATE,7.0,,,Y
5.0,TOPGIS_GC,GC_SURFACES,DATEOFCHANGE,DATE,7.0,,,Y
6.0,TOPGIS_GC,GC_SURFACES,CREATION_YEAR,NUMBER,22.0,,0.0,Y
7.0,TOPGIS_GC,GC_SURFACES,CREATION_MONTH,NUMBER,22.0,,0.0,Y
8.0,TOPGIS_GC,GC_SURFACES,REVISION_YEAR,NUMBER,22.0,,0.0,Y
9.0,TOPGIS_GC,GC_SURFACES,REVISION_MONTH,NUMBER,22.0,,0.0,Y
10.0,TOPGIS_GC,GC_SURFACES,REASONFORCHANGE,NUMBER,22.0,,0.0,Y
11.0,TOPGIS_GC,GC_SURFACES,OBJECTORIGIN,NUMBER,22.0,,0.0,Y
12.0,TOPGIS_GC,GC_SURFACES,OBJECTORIGIN_YEAR,NUMBER,22.0,,0.0,Y
13.0,TOPGIS_GC,GC_SURFACES,OBJECTORIGIN_MONTH,NUMBER,22.0,,0.0,Y
14.0,TOPGIS_GC,GC_SURFACES,KIND,NUMBER,22.0,,0.0,Y
15.0,TOPGIS_GC,GC_SURFACES,RC_ID,NUMBER,22.0,,0.0,Y
16.0,TOPGIS_GC,GC_SURFACES,WU_ID,NUMBER,22.0,,0.0,Y
17.0,TOPGIS_GC,GC_SURFACES,RC_ID_CREATION,NUMBER,22.0,,0.0,Y
18.0,TOPGIS_GC,GC_SURFACES,WU_ID_CREATION,NUMBER,22.0,,0.0,Y
19.0,TOPGIS_GC,GC_SURFACES,REVISION_QUALITY,NVARCHAR2,30.0,,,Y
20.0,TOPGIS_GC,GC_SURFACES,ORIGINAL_ORIGIN,NUMBER,22.0,,0.0,Y
21.0,TOPGIS_GC,GC_SURFACES,INTEGRATION_OBJECT_UUID,CHAR,38.0,,,Y
22.0,TOPGIS_GC,GC_SURFACES,MORE_INFO,NVARCHAR2,510.0,,,Y
23.0,TOPGIS_GC,GC_SURFACES,SYMBOL,NVARCHAR2,20.0,,,Y
24.0,TOPGIS_GC,GC_SURFACES,AARC_EPOCH,NUMBER,22.0,,0.0,Y
25.0,TOPGIS_GC,GC_SURFACES,AARC_PERIOD,NUMBER,22.0,,0.0,Y
26.0,TOPGIS_GC,GC_SURFACES,AARC_AGE,NUMBER,22.0,,0.0,Y
27.0,TOPGIS_GC,GC_SURFACES,GINS_MAIN_MOV,NUMBER,22.0,,0.0,Y
28.0,TOPGIS_GC,GC_SURFACES,TDEF_TYPE,NUMBER,22.0,,0.0,Y
29.0,TOPGIS_GC,GC_SURFACES,SHAPE,ST_GEOMETRY,256.0,,,Y
1.0,TOPGIS_GC,GC_SURFACES_I,OBJECTID,NUMBER,22.0,,0.0,N
2.0,TOPGIS_GC,GC_SURFACES_I,UUID,CHAR,38.0,,,Y
3.0,TOPGIS_GC,GC_SURFACES_I,OPERATOR,NVARCHAR2,100.0,,,Y
4.0,TOPGIS_GC,GC_SURFACES_I,DATEOFCREATION,DATE,7.0,,,Y
5.0,TOPGIS_GC,GC_SURFACES_I,DATEOFCHANGE,DATE,7.0,,,Y
6.0,TOPGIS_GC,GC_SURFACES_I,CREATION_YEAR,NUMBER,22.0,,0.0,Y
7.0,TOPGIS_GC,GC_SURFACES_I,CREATION_MONTH,NUMBER,22.0,,0.0,Y
8.0,TOPGIS_GC,GC_SURFACES_I,REVISION_YEAR,NUMBER,22.0,,0.0,Y
9.0,TOPGIS_GC,GC_SURFACES_I,REVISION_MONTH,NUMBER,22.0,,0.0,Y
10.0,TOPGIS_GC,GC_SURFACES_I,REASONFORCHANGE,NUMBER,22.0,,0.0,Y
11.0,TOPGIS_GC,GC_SURFACES_I,OBJECTORIGIN,NUMBER,22.0,,0.0,Y
12.0,TOPGIS_GC,GC_SURFACES_I,OBJECTORIGIN_YEAR,NUMBER,22.0,,0.0,Y
13.0,TOPGIS_GC,GC_SURFACES_I,OBJECTORIGIN_MONTH,NUMBER,22.0,,0.0,Y
14.0,TOPGIS_GC,GC_SURFACES_I,KIND,NUMBER,22.0,,0.0,Y
15.0,TOPGIS_GC,GC_SURFACES_I,RC_ID,NUMBER,22.0,,0.0,Y
16.0,TOPGIS_GC,GC_SURFACES_I,WU_ID,NUMBER,22.0,,0.0,Y
17.0,TOPGIS_GC,GC_SURFACES_I,RC_ID_CREATION,NUMBER,22.0,,0.0,Y
18.0,TOPGIS_GC,GC_SURFACES_I,WU_ID_CREATION,NUMBER,22.0,,0.0,Y
19.0,TOPGIS_GC,GC_SURFACES_I,REVISION_QUALITY,NVARCHAR2,30.0,,,Y
20.0,TOPGIS_GC,GC_SURFACES_I,ORIGINAL_ORIGIN,NUMBER,22.0,,0.0,Y
21.0,TOPGIS_GC,GC_SURFACES_I,MORE_INFO,NVARCHAR2,510.0,,,Y
22.0,TOPGIS_GC,GC_SURFACES_I,SYMBOL,NVARCHAR2,20.0,,,Y
23.0,TOPGIS_GC,GC_SURFACES_I,AARC_EPOCH,NUMBER,22.0,,0.0,Y
24.0,TOPGIS_GC,GC_SURFACES_I,AARC_PERIOD,NUMBER,22.0,,0.0,Y
25.0,TOPGIS_GC,GC_SURFACES_I,AARC_AGE,NUMBER,22.0,,0.0,Y
26.0,TOPGIS_GC,GC_SURFACES_I,GINS_MAIN_MOV,NUMBER,22.0,,0.0,Y
27.0,TOPGIS_GC,GC_SURFACES_I,TDEF_TYPE,NUMBER,22.0,,0.0,Y
28.0,TOPGIS_GC,GC_SURFACES_I,INTEGRATION_STATUS,NUMBER,22.0,,0.0,Y
29.0,TOPGIS_GC,GC_SURFACES_I,INTEGRATION_NOTES,NVARCHAR2,500.0,,,Y
30.0,TOPGIS_GC,GC_SURFACES_I,CONFLICT_ROLE,NUMBER,22.0,,0.0,Y
31.0,TOPGIS_GC,GC_SURFACES_I,CONFLICT_ID,CHAR,38.0,,,Y
32.0,TOPGIS_GC,GC_SURFACES_I,SHAPE,ST_GEOMETRY,256.0,,,Y
1.0,TOPGIS_GC,GC_SYSTEM,OBJECTID,NUMBER,22.0,,0.0,N
2.0,TOPGIS_GC,GC_SYSTEM,UUID,CHAR,38.0,,,Y
3.0,TOPGIS_GC,GC_SYSTEM,OPERATOR,NVARCHAR2,100.0,,,Y
4.0,TOPGIS_GC,GC_SYSTEM,DATEOFCREATION,DATE,7.0,,,Y
5.0,TOPGIS_GC,GC_SYSTEM,DATEOFCHANGE,DATE,7.0,,,Y
6.0,TOPGIS_GC,GC_SYSTEM,CREATION_YEAR,NUMBER,22.0,,0.0,Y
7.0,TOPGIS_GC,GC_SYSTEM,CREATION_MONTH,NUMBER,22.0,,0.0,Y
8.0,TOPGIS_GC,GC_SYSTEM,REVISION_YEAR,NUMBER,22.0,,0.0,Y
9.0,TOPGIS_GC,GC_SYSTEM,REVISION_MONTH,NUMBER,22.0,,0.0,Y
10.0,TOPGIS_GC,GC_SYSTEM,REASONFORCHANGE,NUMBER,22.0,,0.0,Y
11.0,TOPGIS_GC,GC_SYSTEM,OBJECTORIGIN,NUMBER,22.0,,0.0,Y
12.0,TOPGIS_GC,GC_SYSTEM,OBJECTORIGIN_YEAR,NUMBER,22.0,,0.0,Y
13.0,TOPGIS_GC,GC_SYSTEM,OBJECTORIGIN_MONTH,NUMBER,22.0,,0.0,Y
14.0,TOPGIS_GC,GC_SYSTEM,RC_ID,NUMBER,22.0,,0.0,Y
15.0,TOPGIS_GC,GC_SYSTEM,WU_ID,NUMBER,22.0,,0.0,Y
16.0,TOPGIS_GC,GC_SYSTEM,RC_ID_CREATION,NUMBER,22.0,,0.0,Y
17.0,TOPGIS_GC,GC_SYSTEM,WU_ID_CREATION,NUMBER,22.0,,0.0,Y
18.0,TOPGIS_GC,GC_SYSTEM,REVISION_QUALITY,NVARCHAR2,30.0,,,Y
19.0,TOPGIS_GC,GC_SYSTEM,ORIGINAL_ORIGIN,NUMBER,22.0,,0.0,Y
20.0,TOPGIS_GC,GC_SYSTEM,INTEGRATION_OBJECT_UUID,CHAR,38.0,,,Y
21.0,TOPGIS_GC,GC_SYSTEM,GEOL_CODE,NVARCHAR2,40.0,,,Y
22.0,TOPGIS_GC,GC_SYSTEM,GEOL_CODE_INT,NUMBER,22.0,,0.0,Y
23.0,TOPGIS_GC,GC_SYSTEM,GERMAN,NVARCHAR2,510.0,,,Y
1.0,TOPGIS_GC,GC_SYSTEM_I,OBJECTID,NUMBER,22.0,,0.0,N
2.0,TOPGIS_GC,GC_SYSTEM_I,UUID,CHAR,38.0,,,Y
3.0,TOPGIS_GC,GC_SYSTEM_I,OPERATOR,NVARCHAR2,100.0,,,Y
4.0,TOPGIS_GC,GC_SYSTEM_I,DATEOFCREATION,DATE,7.0,,,Y
5.0,TOPGIS_GC,GC_SYSTEM_I,DATEOFCHANGE,DATE,7.0,,,Y
6.0,TOPGIS_GC,GC_SYSTEM_I,CREATION_YEAR,NUMBER,22.0,,0.0,Y
7.0,TOPGIS_GC,GC_SYSTEM_I,CREATION_MONTH,NUMBER,22.0,,0.0,Y
8.0,TOPGIS_GC,GC_SYSTEM_I,REVISION_YEAR,NUMBER,22.0,,0.0,Y
9.0,TOPGIS_GC,GC_SYSTEM_I,REVISION_MONTH,NUMBER,22.0,,0.0,Y
10.0,TOPGIS_GC,GC_SYSTEM_I,REASONFORCHANGE,NUMBER,22.0,,0.0,Y
11.0,TOPGIS_GC,GC_SYSTEM_I,OBJECTORIGIN,NUMBER,22.0,,0.0,Y
12.0,TOPGIS_GC,GC_SYSTEM_I,OBJECTORIGIN_YEAR,NUMBER,22.0,,0.0,Y
13.0,TOPGIS_GC,GC_SYSTEM_I,OBJECTORIGIN_MONTH,NUMBER,22.0,,0.0,Y
14.0,TOPGIS_GC,GC_SYSTEM_I,RC_ID,NUMBER,22.0,,0.0,Y
15.0,TOPGIS_GC,GC_SYSTEM_I,WU_ID,NUMBER,22.0,,0.0,Y
16.0,TOPGIS_GC,GC_SYSTEM_I,RC_ID_CREATION,NUMBER,22.0,,0.0,Y
17.0,TOPGIS_GC,GC_SYSTEM_I,WU_ID_CREATION,NUMBER,22.0,,0.0,Y
18.0,TOPGIS_GC,GC_SYSTEM_I,REVISION_QUALITY,NVARCHAR2,30.0,,,Y
19.0,TOPGIS_GC,GC_SYSTEM_I,ORIGINAL_ORIGIN,NUMBER,22.0,,0.0,Y
20.0,TOPGIS_GC,GC_SYSTEM_I,INTEGRATION_OBJECT_UUID,CHAR,38.0,,,Y
21.0,TOPGIS_GC,GC_SYSTEM_I,GEOL_CODE,NVARCHAR2,40.0,,,Y
22.0,TOPGIS_GC,GC_SYSTEM_I,GEOL_CODE_INT,NUMBER,22.0,,0.0,Y
23.0,TOPGIS_GC,GC_SYSTEM_I,GERMAN,NVARCHAR2,510.0,,,Y
24.0,TOPGIS_GC,GC_SYSTEM_I,INTEGRATION_STATUS,NUMBER,22.0,,0.0,Y
25.0,TOPGIS_GC,GC_SYSTEM_I,INTEGRATION_NOTES,NVARCHAR2,500.0,,,Y
26.0,TOPGIS_GC,GC_SYSTEM_I,CONFLICT_ROLE,NUMBER,22.0,,0.0,Y
27.0,TOPGIS_GC,GC_SYSTEM_I,CONFLICT_ID,CHAR,38.0,,,Y
1.0,TOPGIS_GC,GC_TECTO,OBJECTID,NUMBER,22.0,,0.0,N
2.0,TOPGIS_GC,GC_TECTO,UUID,CHAR,38.0,,,Y
3.0,TOPGIS_GC,GC_TECTO,OPERATOR,NVARCHAR2,100.0,,,Y
4.0,TOPGIS_GC,GC_TECTO,DATEOFCREATION,DATE,7.0,,,Y
5.0,TOPGIS_GC,GC_TECTO,DATEOFCHANGE,DATE,7.0,,,Y
6.0,TOPGIS_GC,GC_TECTO,CREATION_YEAR,NUMBER,22.0,,0.0,Y
7.0,TOPGIS_GC,GC_TECTO,CREATION_MONTH,NUMBER,22.0,,0.0,Y
8.0,TOPGIS_GC,GC_TECTO,REVISION_YEAR,NUMBER,22.0,,0.0,Y
9.0,TOPGIS_GC,GC_TECTO,REVISION_MONTH,NUMBER,22.0,,0.0,Y
10.0,TOPGIS_GC,GC_TECTO,REASONFORCHANGE,NUMBER,22.0,,0.0,Y
11.0,TOPGIS_GC,GC_TECTO,OBJECTORIGIN,NUMBER,22.0,,0.0,Y
12.0,TOPGIS_GC,GC_TECTO,OBJECTORIGIN_YEAR,NUMBER,22.0,,0.0,Y
13.0,TOPGIS_GC,GC_TECTO,OBJECTORIGIN_MONTH,NUMBER,22.0,,0.0,Y
14.0,TOPGIS_GC,GC_TECTO,RC_ID,NUMBER,22.0,,0.0,Y
15.0,TOPGIS_GC,GC_TECTO,WU_ID,NUMBER,22.0,,0.0,Y
16.0,TOPGIS_GC,GC_TECTO,RC_ID_CREATION,NUMBER,22.0,,0.0,Y
17.0,TOPGIS_GC,GC_TECTO,WU_ID_CREATION,NUMBER,22.0,,0.0,Y
18.0,TOPGIS_GC,GC_TECTO,REVISION_QUALITY,NVARCHAR2,30.0,,,Y
19.0,TOPGIS_GC,GC_TECTO,ORIGINAL_ORIGIN,NUMBER,22.0,,0.0,Y
20.0,TOPGIS_GC,GC_TECTO,INTEGRATION_OBJECT_UUID,CHAR,38.0,,,Y
21.0,TOPGIS_GC,GC_TECTO,GEOL_CODE,NVARCHAR2,40.0,,,Y
22.0,TOPGIS_GC,GC_TECTO,GEOL_CODE_INT,NUMBER,22.0,,0.0,Y
23.0,TOPGIS_GC,GC_TECTO,GERMAN,NVARCHAR2,510.0,,,Y
24.0,TOPGIS_GC,GC_TECTO,TREE_LEVEL,NUMBER,22.0,,0.0,Y
25.0,TOPGIS_GC,GC_TECTO,PARENT_REF,NUMBER,22.0,,0.0,Y
1.0,TOPGIS_GC,GC_UNCO_DESPOSIT,OBJECTID,NUMBER,22.0,,0.0,N
2.0,TOPGIS_GC,GC_UNCO_DESPOSIT,UUID,CHAR,38.0,,,Y
3.0,TOPGIS_GC,GC_UNCO_DESPOSIT,OPERATOR,NVARCHAR2,100.0,,,Y
4.0,TOPGIS_GC,GC_UNCO_DESPOSIT,DATEOFCREATION,DATE,7.0,,,Y
5.0,TOPGIS_GC,GC_UNCO_DESPOSIT,DATEOFCHANGE,DATE,7.0,,,Y
6.0,TOPGIS_GC,GC_UNCO_DESPOSIT,CREATION_YEAR,NUMBER,22.0,,0.0,Y
7.0,TOPGIS_GC,GC_UNCO_DESPOSIT,CREATION_MONTH,NUMBER,22.0,,0.0,Y
8.0,TOPGIS_GC,GC_UNCO_DESPOSIT,REVISION_YEAR,NUMBER,22.0,,0.0,Y
9.0,TOPGIS_GC,GC_UNCO_DESPOSIT,REVISION_MONTH,NUMBER,22.0,,0.0,Y
10.0,TOPGIS_GC,GC_UNCO_DESPOSIT,REASONFORCHANGE,NUMBER,22.0,,0.0,Y
11.0,TOPGIS_GC,GC_UNCO_DESPOSIT,OBJECTORIGIN,NUMBER,22.0,,0.0,Y
12.0,TOPGIS_GC,GC_UNCO_DESPOSIT,OBJECTORIGIN_YEAR,NUMBER,22.0,,0.0,Y
13.0,TOPGIS_GC,GC_UNCO_DESPOSIT,OBJECTORIGIN_MONTH,NUMBER,22.0,,0.0,Y
14.0,TOPGIS_GC,GC_UNCO_DESPOSIT,KIND,NUMBER,22.0,,0.0,Y
15.0,TOPGIS_GC,GC_UNCO_DESPOSIT,RC_ID,NUMBER,22.0,,0.0,Y
16.0,TOPGIS_GC,GC_UNCO_DESPOSIT,WU_ID,NUMBER,22.0,,0.0,Y
17.0,TOPGIS_GC,GC_UNCO_DESPOSIT,RC_ID_CREATION,NUMBER,22.0,,0.0,Y
18.0,TOPGIS_GC,GC_UNCO_DESPOSIT,WU_ID_CREATION,NUMBER,22.0,,0.0,Y
19.0,TOPGIS_GC,GC_UNCO_DESPOSIT,REVISION_QUALITY,NVARCHAR2,30.0,,,Y
20.0,TOPGIS_GC,GC_UNCO_DESPOSIT,ORIGINAL_ORIGIN,NUMBER,22.0,,0.0,Y
21.0,TOPGIS_GC,GC_UNCO_DESPOSIT,INTEGRATION_OBJECT_UUID,CHAR,38.0,,,Y
22.0,TOPGIS_GC,GC_UNCO_DESPOSIT,MORE_INFO,NVARCHAR2,510.0,,,Y
23.0,TOPGIS_GC,GC_UNCO_DESPOSIT,SYMBOL,NVARCHAR2,20.0,,,Y
24.0,TOPGIS_GC,GC_UNCO_DESPOSIT,RUNC_CHRONO_T,NUMBER,22.0,,0.0,Y
25.0,TOPGIS_GC,GC_UNCO_DESPOSIT,RUNC_CHRONO_B,NUMBER,22.0,,0.0,Y
26.0,TOPGIS_GC,GC_UNCO_DESPOSIT,RUNC_LITHO,NUMBER,22.0,,0.0,Y
27.0,TOPGIS_GC,GC_UNCO_DESPOSIT,RUNC_LITSTRAT,NUMBER,22.0,,0.0,Y
28.0,TOPGIS_GC,GC_UNCO_DESPOSIT,RUNC_HARMOS_REV,NUMBER,22.0,,0.0,Y
29.0,TOPGIS_GC,GC_UNCO_DESPOSIT,RUNC_STRUCTUR,NUMBER,22.0,,0.0,Y
30.0,TOPGIS_GC,GC_UNCO_DESPOSIT,RUNC_MORPHOLO,NUMBER,22.0,,0.0,Y
31.0,TOPGIS_GC,GC_UNCO_DESPOSIT,RUNC_GLAC_TYP,NUMBER,22.0,,0.0,Y
32.0,TOPGIS_GC,GC_UNCO_DESPOSIT,RUNC_THIN_COV,NUMBER,22.0,,0.0,Y
33.0,TOPGIS_GC,GC_UNCO_DESPOSIT,RUNC_BURIED_OUT,NUMBER,22.0,,0.0,Y
34.0,TOPGIS_GC,GC_UNCO_DESPOSIT,RUNC_ORIG_DESCR,NVARCHAR2,510.0,,,Y
35.0,TOPGIS_GC,GC_UNCO_DESPOSIT,RUNC_REF_YEAR,NVARCHAR2,510.0,,,Y
36.0,TOPGIS_GC,GC_UNCO_DESPOSIT,RUNC_INDEX,NVARCHAR2,510.0,,,Y
37.0,TOPGIS_GC,GC_UNCO_DESPOSIT,SHAPE,ST_GEOMETRY,256.0,,,Y
1.0,TOPGIS_GC,GC_UNCO_DESPOSIT_I,OBJECTID,NUMBER,22.0,,0.0,N
2.0,TOPGIS_GC,GC_UNCO_DESPOSIT_I,UUID,CHAR,38.0,,,Y
3.0,TOPGIS_GC,GC_UNCO_DESPOSIT_I,OPERATOR,NVARCHAR2,100.0,,,Y
4.0,TOPGIS_GC,GC_UNCO_DESPOSIT_I,DATEOFCREATION,DATE,7.0,,,Y
5.0,TOPGIS_GC,GC_UNCO_DESPOSIT_I,DATEOFCHANGE,DATE,7.0,,,Y
6.0,TOPGIS_GC,GC_UNCO_DESPOSIT_I,CREATION_YEAR,NUMBER,22.0,,0.0,Y
7.0,TOPGIS_GC,GC_UNCO_DESPOSIT_I,CREATION_MONTH,NUMBER,22.0,,0.0,Y
8.0,TOPGIS_GC,GC_UNCO_DESPOSIT_I,REVISION_YEAR,NUMBER,22.0,,0.0,Y
9.0,TOPGIS_GC,GC_UNCO_DESPOSIT_I,REVISION_MONTH,NUMBER,22.0,,0.0,Y
10.0,TOPGIS_GC,GC_UNCO_DESPOSIT_I,REASONFORCHANGE,NUMBER,22.0,,0.0,Y
11.0,TOPGIS_GC,GC_UNCO_DESPOSIT_I,OBJECTORIGIN,NUMBER,22.0,,0.0,Y
12.0,TOPGIS_GC,GC_UNCO_DESPOSIT_I,OBJECTORIGIN_YEAR,NUMBER,22.0,,0.0,Y
13.0,TOPGIS_GC,GC_UNCO_DESPOSIT_I,OBJECTORIGIN_MONTH,NUMBER,22.0,,0.0,Y
14.0,TOPGIS_GC,GC_UNCO_DESPOSIT_I,KIND,NUMBER,22.0,,0.0,Y
15.0,TOPGIS_GC,GC_UNCO_DESPOSIT_I,RC_ID,NUMBER,22.0,,0.0,Y
16.0,TOPGIS_GC,GC_UNCO_DESPOSIT_I,WU_ID,NUMBER,22.0,,0.0,Y
17.0,TOPGIS_GC,GC_UNCO_DESPOSIT_I,RC_ID_CREATION,NUMBER,22.0,,0.0,Y
18.0,TOPGIS_GC,GC_UNCO_DESPOSIT_I,WU_ID_CREATION,NUMBER,22.0,,0.0,Y
19.0,TOPGIS_GC,GC_UNCO_DESPOSIT_I,REVISION_QUALITY,NVARCHAR2,30.0,,,Y
20.0,TOPGIS_GC,GC_UNCO_DESPOSIT_I,ORIGINAL_ORIGIN,NUMBER,22.0,,0.0,Y
21.0,TOPGIS_GC,GC_UNCO_DESPOSIT_I,MORE_INFO,NVARCHAR2,510.0,,,Y
22.0,TOPGIS_GC,GC_UNCO_DESPOSIT_I,SYMBOL,NVARCHAR2,20.0,,,Y
23.0,TOPGIS_GC,GC_UNCO_DESPOSIT_I,RUNC_CHRONO_T,NUMBER,22.0,,0.0,Y
24.0,TOPGIS_GC,GC_UNCO_DESPOSIT_I,RUNC_CHRONO_B,NUMBER,22.0,,0.0,Y
25.0,TOPGIS_GC,GC_UNCO_DESPOSIT_I,RUNC_LITHO,NUMBER,22.0,,0.0,Y
26.0,TOPGIS_GC,GC_UNCO_DESPOSIT_I,RUNC_LITSTRAT,NUMBER,22.0,,0.0,Y
27.0,TOPGIS_GC,GC_UNCO_DESPOSIT_I,RUNC_HARMOS_REV,NUMBER,22.0,,0.0,Y
28.0,TOPGIS_GC,GC_UNCO_DESPOSIT_I,RUNC_STRUCTUR,NUMBER,22.0,,0.0,Y
29.0,TOPGIS_GC,GC_UNCO_DESPOSIT_I,RUNC_MORPHOLO,NUMBER,22.0,,0.0,Y
30.0,TOPGIS_GC,GC_UNCO_DESPOSIT_I,RUNC_GLAC_TYP,NUMBER,22.0,,0.0,Y
31.0,TOPGIS_GC,GC_UNCO_DESPOSIT_I,RUNC_THIN_COV,NUMBER,22.0,,0.0,Y
32.0,TOPGIS_GC,GC_UNCO_DESPOSIT_I,RUNC_BURIED_OUT,NUMBER,22.0,,0.0,Y
33.0,TOPGIS_GC,GC_UNCO_DESPOSIT_I,RUNC_ORIG_DESCR,NVARCHAR2,510.0,,,Y
34.0,TOPGIS_GC,GC_UNCO_DESPOSIT_I,RUNC_REF_YEAR,NVARCHAR2,510.0,,,Y
35.0,TOPGIS_GC,GC_UNCO_DESPOSIT_I,RUNC_INDEX,NVARCHAR2,510.0,,,Y
36.0,TOPGIS_GC,GC_UNCO_DESPOSIT_I,INTEGRATION_STATUS,NUMBER,22.0,,0.0,Y
37.0,TOPGIS_GC,GC_UNCO_DESPOSIT_I,INTEGRATION_NOTES,NVARCHAR2,500.0,,,Y
38.0,TOPGIS_GC,GC_UNCO_DESPOSIT_I,CONFLICT_ROLE,NUMBER,22.0,,0.0,Y
39.0,TOPGIS_GC,GC_UNCO_DESPOSIT_I,CONFLICT_ID,CHAR,38.0,,,Y
40.0,TOPGIS_GC,GC_UNCO_DESPOSIT_I,SHAPE,ST_GEOMETRY,256.0,,,Y
1.0,TOPGIS_GC,GC_UN_DEP_ADMIXTUR_GC_ADMIXT,RID,NUMBER,22.0,,0.0,N
2.0,TOPGIS_GC,GC_UN_DEP_ADMIXTUR_GC_ADMIXT,GC_UNCO_DESPOSIT_UUID,CHAR,38.0,,,Y
3.0,TOPGIS_GC,GC_UN_DEP_ADMIXTUR_GC_ADMIXT,GC_ADMIXTURE_UUID,CHAR,38.0,,,Y
1.0,TOPGIS_GC,GC_UN_DEP_ADMIXTUR_GC_ADMIXT_I,RID,NUMBER,22.0,,0.0,N
2.0,TOPGIS_GC,GC_UN_DEP_ADMIXTUR_GC_ADMIXT_I,GC_UNCO_DESPOSIT_UUID,CHAR,38.0,,,Y
3.0,TOPGIS_GC,GC_UN_DEP_ADMIXTUR_GC_ADMIXT_I,GC_ADMIXTURE_UUID,CHAR,38.0,,,Y
1.0,TOPGIS_GC,GC_UN_DEP_CHARACT_GC_CHARCAT,RID,NUMBER,22.0,,0.0,N
2.0,TOPGIS_GC,GC_UN_DEP_CHARACT_GC_CHARCAT,GC_UNCO_DESPOSIT_UUID,CHAR,38.0,,,Y
3.0,TOPGIS_GC,GC_UN_DEP_CHARACT_GC_CHARCAT,GC_CHARCAT_UUID,CHAR,38.0,,,Y
1.0,TOPGIS_GC,GC_UN_DEP_CHARACT_GC_CHARCAT_I,RID,NUMBER,22.0,,0.0,N
2.0,TOPGIS_GC,GC_UN_DEP_CHARACT_GC_CHARCAT_I,GC_UNCO_DESPOSIT_UUID,CHAR,38.0,,,Y
3.0,TOPGIS_GC,GC_UN_DEP_CHARACT_GC_CHARCAT_I,GC_CHARCAT_UUID,CHAR,38.0,,,Y
1.0,TOPGIS_GC,GC_UN_DEP_COMPOSIT_GC_COMPOS,RID,NUMBER,22.0,,0.0,N
2.0,TOPGIS_GC,GC_UN_DEP_COMPOSIT_GC_COMPOS,GC_UNCO_DESPOSIT_UUID,CHAR,38.0,,,Y
3.0,TOPGIS_GC,GC_UN_DEP_COMPOSIT_GC_COMPOS,GC_COMPOSIT_UUID,CHAR,38.0,,,Y
1.0,TOPGIS_GC,GC_UN_DEP_COMPOSIT_GC_COMPOS_I,RID,NUMBER,22.0,,0.0,N
2.0,TOPGIS_GC,GC_UN_DEP_COMPOSIT_GC_COMPOS_I,GC_UNCO_DESPOSIT_UUID,CHAR,38.0,,,Y
3.0,TOPGIS_GC,GC_UN_DEP_COMPOSIT_GC_COMPOS_I,GC_COMPOSIT_UUID,CHAR,38.0,,,Y
1.0,TOPGIS_GC,GC_UN_DEP_MAT_TYPE_GC_LITHO,RID,NUMBER,22.0,,0.0,N
2.0,TOPGIS_GC,GC_UN_DEP_MAT_TYPE_GC_LITHO,GC_UNCO_DESPOSIT_UUID,CHAR,38.0,,,Y
3.0,TOPGIS_GC,GC_UN_DEP_MAT_TYPE_GC_LITHO,GC_LITHO_UUID,CHAR,38.0,,,Y
1.0,TOPGIS_GC,GC_UN_DEP_MAT_TYPE_GC_LITHO_I,RID,NUMBER,22.0,,0.0,N
2.0,TOPGIS_GC,GC_UN_DEP_MAT_TYPE_GC_LITHO_I,GC_UNCO_DESPOSIT_UUID,CHAR,38.0,,,Y
3.0,TOPGIS_GC,GC_UN_DEP_MAT_TYPE_GC_LITHO_I,GC_LITHO_UUID,CHAR,38.0,,,Y
1.0,TOPGIS_GC,GC_VERSION,OBJECTID,NUMBER,22.0,,0.0,N
2.0,TOPGIS_GC,GC_VERSION,MAJOR,NUMBER,22.0,,0.0,Y
3.0,TOPGIS_GC,GC_VERSION,MINOR,NUMBER,22.0,,0.0,Y
4.0,TOPGIS_GC,GC_VERSION,BUG_FIX,NUMBER,22.0,,0.0,Y
5.0,TOPGIS_GC,GC_VERSION,DESCRIPTION,NVARCHAR2,2000.0,,,Y
