OBJECTID,DESCRIPTION,TREE_LEVEL,PARENT_REF
1,Rossemaison-Formation,1,
2,Courcelon-Süsswasserkalk,3,15251001.0
3,Erzmatt-Krustenkalk,1,
4,Oberdorf-Süsswasserkalk,1,
5,Diegten-Süsswasserkalk,1,
6,La-Charrue-Süsswasserkalk,1,
7,Champ-Vuillerat-Süsswasserkalk,1,
8,La-Verrerie-Süsswasserkalk,1,
9,«Daubrée-Konglomerat»,1,
10,Narlay-Formation,1,
11,Perte-du-Rhône-Formation,1,
12,Poncin-Member,2,15251011.0
13,Mussel-Member,2,15251011.0
14,Vraconne-Sandstein,3,15251013.0
15,La-Presta-Mergel,3,15251013.0
16,Vernettes-Sandstein,3,15251013.0
17,Ponthoud-Bank,3,15251013.0
18,Scie-Besse-Sandstein,3,15251013.0
19,Fulie-Member,2,15251011.0
20,Mortier-Mergel,3,15251019.0
21,Vauglène-Bänke,3,15251019.0
22,Poet-Bank,3,15251019.0
23,Rocher-des-Hirondelles-Formation,1,
24,Vallorbe-Member,2,15251023.0
25,Bellegarde-Bänke,3,15251024.0
26,Serrières-Bank,3,15251024.0
27,La-Rivière-Member,2,15251023.0
28,Fort-de-l'Écluse-Member,2,15251023.0
29,Gorges-de-l'Orbe-Formation,1,
30,Morteau-Kalk,2,15251029.0
31,Bôle-Member,2,15251029.0
32,Montcherand-Member,2,15251029.0
33,La-Vaux-Bänke,3,15251032.0
34,Cul-du-Nozon-Bänke,3,15251032.0
35,Pont-des-Pierres-Bänke,3,15251032.0
36,Grand-Essert-Formation,1,
37,Neuchâtel-Member,2,15251036.0
38,«Pierre Jaune Supérieure»,3,15251037.0
39,Les-Uttins-Mergel,3,15251037.0
40,«Pierre Jaune Inférieure»,3,15251037.0
41,Hauterive-Member,2,15251036.0
42,L'Ecluse-Mergelkalk,3,15251041.0
43,Censeau-Mergel,3,15251041.0
44,Morteau-Mergel,3,15251041.0
45,Vuache-Formation,1,
46,«Bryozoen-Mergel»,3,15251045.0
47,«Astieria-Mergel»,3,15251045.0
48,Villers-Schichten,3,15251045.0
49,«Alectryonia-Kalk»,3,15251045.0
50,Arzier-Mergel,2,15251045.0
51,Chambotte-Formation,1,
52,Guiers-Member,2,15251051.0
53,Grande-Varappe-Bank,3,15251052.0
54,Vions-Formation,1,
55,Pierre-Châtel-Formation,1,
56,«Unité Moyenne Calcaire»,2,15251055.0
57,«Unité Inférieure Oolithique»,2,15251055.0
58,Goldberg-Formation,1,
174,«Maeandrina-Schichten»,2,15251162.0
175,«Untere Acuminata-Schichten»,2,15251162.0
176,Gisliflue-Korallenkalk,2,15251162.0
177,Klingnau-Formation,1,
178,«Knorri-Ton»,2,15251177.0
179,«Wuerttembergica-Schichten»,2,15251177.0
180,«Parkinsoni-Schichten» (Klingnau-Fm.),2,15251177.0
181,«Subfurcatum-Bank»,3,15251180.0
182,«Blagdeni-Schichten» (Klingnau-Fm.),2,15251177.0
183,Dentalienton-Formation,1,
184,Hamitenton-Formation,1,
185,Parkinsonioolith-Subformation,2,15251184.0
186,Gosheim-Formation,1,
187,Blagdeni-Subformation,2,15251186.0
188,Humphriesioolith-Subformation,2,15251186.0
189,«Calcaire à Entroques»,1,
190,Passwang-Formation,1,
191,Grenchenberg-Member,2,15251190.0
192,Rothenfluh-Member,2,15251190.0
193,Brüggli-Member,2,15251190.0
194,«Humphriesi-Schichten» (Brüggli-Mb.),3,15251193.0
195,Waldenburg-Member,2,15251190.0
196,Hirnichopf-Member,2,15251190.0
197,Hauenstein-Member,2,15251190.0
198,Sissach-Member,2,15251190.0
199,«Comptum-Bank» (Passwang-Fm.),3,15251198.0
200,«Couches à Pecten dewalquei»,1,
201,Brot-Schichten,1,
202,Wedelsandstein-Formation,1,
203,Blaukalk-Subformation,2,15251202.0
204,Murchisonaeoolith-Formation,1,
205,Achdorf-Formation,1,
206,Opalinus-Ton,1,
207,Staffelegg-Formation,1,
208,Gross-Wolf-Member,2,15251207.0
209,Eriwis-Bank,3,15251208.0
210,Erlimoos-Bank,3,15251208.0
211,Gipf-Bank,3,15251208.0
212,Rietheim-Member,2,15251207.0
213,«Unterer Stein» (Staffelegg-Fm.),3,15251212.0
214,Rickenbach-Member,2,15251207.0
215,Müsenegg-Bank,3,15251214.0
216,Breitenmatt-Member,2,15251207.0
217,Trasadingen-Bank,3,15251216.0
218,Grünschholz-Member,2,15251207.0
219,Frick-Member,2,15251207.0
220,Mont-Terri-Member,2,15251207.0
221,Fasiswald-Member,2,15251207.0
222,Weissenstein-Member,2,15251207.0
223,Beggingen-Member,2,15251207.0
224,Gächlingen-Bank,3,15251223.0
225,Schleitheim-Bank,3,15251223.0
226,Schambelen-Member,2,15251207.0
227,Hallau-Bank,3,15251226.0
228,Jurensismergel-Formation,1,
229,Posidonienschiefer-Formation,1,
230,Amaltheenton-Formation,1,
231,Numismalismergel-Formation,1,
232,Obtususton-Formation,1,
233,Arietenkalk-Formation,1,
234,Angulatenton-Formation,1,
235,Psilonotenton-Formation,1,
236,Klettgau-Formation,1,
237,Belchen-Member,2,15251236.0
238,Seebi-Member,2,15251236.0
239,Gruhalde-Member,2,15251236.0
240,Berlingen-Member,2,15251236.0
241,Gansingen-Member,2,15251236.0
242,Ergolz-Member,2,15251236.0
243,Bänkerjoch-Formation,1,
244,Schinznach-Formation,1,
245,Asp-Member,2,15251244.0
246,«Grenzdolomit» (Schinznach-Fm.),3,15251245.0
247,«Estherien-Schichten»,3,15251245.0
248,Stamberg-Member,2,15251244.0
249,Kaisten-Bank,3,15251248.0
250,Eptingen-Bank,3,15251244.0
251,Liedertswil-Member,2,15251244.0
252,Dünnlenberg-Bank,3,15251244.0
253,Kienberg-Member,2,15251244.0
254,Saalhof-Bank,3,15251253.0
255,Leutschenberg-Member,2,15251244.0
256,Fützen-Bank,3,15251255.0
257,Zeglingen-Formation,1,
258,«Dolomitzone» (Zeglingen-Fm.),2,15251257.0
259,«Obere Sufatzone» (Zeglingen-Fm.),2,15251257.0
260,«Salzlager» (Zeglingen-Fm.),2,15251257.0
261,«Untere Sulfatzone» (Zeglingen-Fm.),2,15251257.0
262,Kaiseraugst-Formation,1,
263,«Orbicularis-Mergel»,2,15251262.0
264,«Wellenkalk / Wellenmergel»,2,15251262.0
265,«Wellendolomit»,2,15251262.0
266,«Bleiglanzbank» (Kaiseraugst-Fm.),3,15251265.0
267,Dinkelberg-Formation,1,
268,«Rhötton»,2,15251267.0
269,«Arenicolites-Bank»,3,15251268.0
270,«Plattensandstein» (Dinkelberg-Fm.),2,15251267.0
271,«Karneol-Horizont» (Dinkelberg-Fm.),3,15251270.0
272,«Diagonalschichtiger Sandstein» (Dinkelberg-Fm.),2,15251267.0
273,Vogesen-Sandstein,2,15251267.0
274,Wiesental-Formation,1,
275,Weitenau-Formation,1,
276,«Oberer Schuttfächer» (Weitenau-Fm.),2,15251275.0
277,«Playa-Serie» (Weitenau-Fm.),2,15251275.0
278,«Unterer Schuttfächer» (Weitenau-Fm.),2,15251275.0
279,Weiach-Formation,1,
280,«Jüngere Flussablagerungen» (Weiach-Fm.),2,15251279.0
281,«Seeablagerungen» (Weiach-Fm.),2,15251279.0
282,«Ältere Flussablagerungen» (Weiach-Fm.),2,15251279.0
283,«Kohle-Serie» (Weiach-Fm.),3,15251282.0
284,Schwaningen-Merenbach-Rhyolith,1,
285,Schwaningen-Weizen-Granit,1,
59,Twannbach-Formation,1,
60,Vouglans-Member,2,15251059.0
61,Chailley-Member,2,15251059.0
62,«Oberer Virgula-Mergel»,3,15251064.0
63,Reuchenette-Formation,1,
64,Chevenez-Member,2,15251063.0
65,«Grenznerineen-Bank»,3,15251064.0
66,«Cladocoropsis-Kalk»,3,15251064.0
67,«Unterer Virgula-Mergel»,3,15251064.0
68,Courtedoux-Member,2,15251063.0
69,Banné-Member,2,15251063.0
70,Vabenau-Member,2,15251063.0
71,Creugenat-Schichten,3,15251070.0
72,Etiollets-Formation,1,
73,«Complexe récifal»,2,15251072.0
74,Landaize-Kalk,3,15251073.0
75,Tabalcon-Kalk,2,15251072.0
76,Couvaloup-Member,2,15251072.0
77,Le-Coin-Formation,1,
78,Hangende-Bankkalke-Formation,1,
79,Hohentengen-Formation,1,
80,Zementmergel-Formation,1,
81,Liegende-Bankkalke-Formation,1,
82,Obere-Felsenkalke-Formation,1,
83,Untere-Felsenkalke-Formation,1,
84,Lacunosamergel-Formation,1,
85,Weilergraben-Formation,1,
86,Gugenmühle-Member,2,15251085.0
87,Schwarzbach-Formation,1,
88,Burghorn-Formation,1,
89,Wettingen-Member,2,15251088.0
90,Baden-Member,2,15251088.0
91,Oberjura-Massenkalk-Formation,1,
92,Lochen-Subformation,2,15251091.0
93,Courgenay-Formation,1,
94,Porrentruy-Member,2,15251094.0
95,La-May-Member,2,15251094.0
96,Balsthal-Formation,1,
97,Verena-Member,2,15251096.0
98,Holzflue-Member,2,15251096.0
99,Balmberg-Oolith,3,15251098.0
100,Laufen-Member,2,15251096.0
101,Hautes-Roches-Algenkalk,3,15251100.0
102,Akzessorische Mumienbänke,3,15251100.0
103,Olten-Member,2,15251096.0
104,Steinibach-Member,2,15251096.0
105,Wohlgeschichtete-Kalke-Formation,1,
106,Villigen-Formation,1,
107,Wangental-Member,2,15251106.0
108,Letzi-Member,2,15251106.0
109,«Knollen-Bank»,3,15251106.0
110,Küssaburg-Member,2,15251106.0
111,Wangen-Member,2,15251106.0
112,Hornbuck-Member,2,15251106.0
113,«Crenularis-Member»,2,15251106.0
114,Geissberg-Member,2,15251106.0
115,Vellerat-Formation,1,
116,Bure-Member,2,15251116.0
117,«Oolithe-Rousse-Member»,2,15251116.0
118,«Hauptmumienbank-Member»,2,15251116.0
119,Röschenz-Member,2,15251116.0
120,«Brauner Oolith»,3,15251120.0
121,«Grüne Mumienbank»,3,15251120.0
122,Vorbourg-Member,2,15251116.0
123,Günsberg-Formation,1,
124,Moutier-Korallenkalk,2,15251124.0
125,St-Ursanne-Formation,1,
126,Tiergarten-Member,2,15251126.0
127,Buix-Member,2,15251126.0
128,Chestel-Member,2,15251126.0
129,Caquerelle-Pisolith,3,15251129.0
130,Grellingen-Member,2,15251126.0
131,Pichoux-Formation,1,
132,Impressamergel-Formation,1,
133,Wildegg-Formation,1,
134,Effingen-Member,2,15251134.0
135,Gerstenhübel-Bank,3,15251135.0
136,«Pecten-Bank»,3,15251135.0
137,Birmenstorf-Member,2,15251134.0
138,Bärschwil-Formation,1,
139,Liesberg-Member,2,15251139.0
140,Sornetan-Member,2,15251139.0
141,«Renggeri-Member»,2,15251139.0
142,Ornatenton-Formation,1,
143,Glaukonitsandmergel-Subformation,2,15251143.0
144,Grenzkalk,3,15251144.0
145,Ancepsoolith-Subformation,2,15251143.0
146,Macrocephalenoolith-Subformation,2,15251143.0
147,Wutach-Formation,1,
148,Ifenthal-Formation,1,
149,Graitery-Member,2,15251148.0
150,Herznach-Member,2,15251148.0
151,Schellenbrücke-Bank,3,15251150.0
152,Bollement-Member,2,15251148.0
153,Ängistein-Member,2,15251148.0
154,Unter-Erli-Bank,3,15251153.0
155,Bözen-Member,2,15251148.0
156,Saulcy-Member,2,15251148.0
157,Châtillon-Member,2,15251148.0
158,St-Brais-Member,2,15251148.0
159,Schelmenloch-Member,2,15251148.0
160,Anwil-Bank,3,15251159.0
161,Variansmergel-Formation,1,
162,Hauptrogenstein,1,
163,«Spatkalk» (Hauptrogenstein),2,15251162.0
164,«Ferrugineus-Oolith»,2,15251162.0
165,«Pierre Blanche» (Hauptrogenstein),2,15251162.0
166,Movelier-Schichten,2,15251162.0
167,«Grande Oolithe» (Hauptrogenstein),2,15251162.0
168,Wittnau-Korallenkalk,2,15251162.0
169,Furcil-Mergel,2,15251162.0
170,«Calcaire roux marneux» (Hauptrogenstein),2,15251162.0
171,«Homomya-Mergel»,2,15251162.0
172,«Obere Acuminata-Schichten»,2,15251162.0
173,«Oolithe Subcompacte» (Hauptrogenstein),2,15251162.0
634,Ringgenberg-Schichten,2,15253100.0
635,Rahberg-Bank,3,15253100.0
636,Palis-Bank,3,15253100.0
637,Gemsmättli-Bank,3,15253100.0
638,Betlis-Formation,1,
639,«Pygurus-Member»,2,15253107.0
640,«Oberer Betliskalk»,2,15253107.0
641,Büls-Bank,3,15253107.0
642,«Unterer Betliskalk»,2,15253107.0
643,Spitzern-Member,2,15253107.0
644,Sichel-Kalk,1,
645,Diphyoides-Kalk,1,
646,Vitznau-Mergel,1,
647,Öhrli-Formation,1,
648,«Oberer Öhrlikalk»,2,15253116.0
649,«Oberer Öhrlimergel»,2,15253116.0
650,«Unterer Öhrlikalk»,2,15253116.0
651,Palfris-Formation,1,
652,Zementstein-Formation,1,
653,Graspass-Member,2,15253121.0
654,Gassen-Kalk,2,15253121.0
655,Quinten-Formation,1,
656,Tros-Kalk,2,15253124.0
657,«Oberer Quintner Kalk»,2,15253124.0
658,«Mergelband» (Quinten-Fm.),2,15253124.0
659,«Unterer Quintner Kalk»,2,15253124.0
660,Gonzen-Eisenerzhorizont,3,15253128.0
661,Schilt-Formation,1,
662,Mürtschen-Member,2,15253130.0
663,Seeztal-Member,2,15253130.0
664,Windgällen-Member,2,15253130.0
665,Erzegg-Formation,1,
666,Planplatte-Eisenoolith,3,15253134.0
667,«Grenzschicht» (Erzegg-Fm.),3,15253134.0
668,Reischiben-Formation,1,
669,Blegi-Eisenoolith,2,15253137.0
670,Bannalp-Konglomerat,3,15253137.0
671,Guppen-Fossilhorizont,3,15253137.0
672,Gursbach-Fossilhorizont,3,15253137.0
673,Hochstollen-Formation,1,
674,Schwarzhorn-Member,2,15253142.0
675,Bietenhorn-Member,2,15253142.0
676,Bommerstein-Formation,1,
677,Glockhaus-Member,2,15253145.0
678,«Grenzquarzit» (Bommerstein-Fm.),3,15253146.0
679,«Obere Tonschiefer» (Bommerstein-Fm.),3,15253146.0
680,«Rote Echinodermenbrekzie» (Bommerstein-Fm.),3,15253146.0
681,Mols-Member,2,15253145.0
682,Geissbach-Konglomerat,3,15253145.0
683,Stöckli-Sandstein,3,15253145.0
684,Vättis-Fossilbrekzie,3,15253145.0
685,Dugny-Formation,1,
686,Brunnistock-Formation,1,
687,Monts-Rosset-Formation,1,
688,Sexmor-Formation,1,
689,Mont-Joly-Formation,1,
690,Spitzmeilen-Formation,1,
691,Bränd-Brekzie,3,15253159.0
692,Tierces-Formation,1,
693,Prodkamm-Formation,1,
694,«Leitoolith» (Prodkamm-Fm.),3,15253162.0
695,«Cardinia-Member»,2,15253162.0
696,Weissgandstöckli-Bank,3,15253164.0
697,«Infralias-Sandstein»,1,
698,Besoëns-Formation,1,
699,Quarten-Formation,1,
700,Arandellys-Formation,1,
701,Griaz-Member,2,15253169.0
702,Röti-Formation,1,
703,Vieux-Emosson-Formation,1,
704,Col-du-Jorat-Member,2,15253172.0
705,Mels-Formation,1,
706,«Subalpiner Flysch»,1,
707,Vernayaz-Formation,1,
708,Dzéman-Member,2,15253176.0
709,Salvan-Member,2,15253176.0
710,Au-d'Arbignon-Schiefer,3,15253178.0
711,Vallorcine-Konglomerat,3,15253178.0
712,Dorénaz-Konglomerat,3,15253178.0
713,Plex-Aboyeu-Rhyolith,3,15253178.0
714,Morcles-Mikrogranit,1,
715,Vallorcine-Granit,1,
716,Miéville-Mylonit,2,15253184.0
717,Montées-Pélissiers-Granit,1,
718,Pormenaz-Granit,1,
719,Luisin-Orthogneis,1,
720,Perrons-Orthogneis,1,
721,Emosson-Gneiskomplex,1,
722,Chéserys-Gneis,1,
723,Val-Bérard-Gneiskomplex,1,
724,Lac-Cornu-Eklogit,1,
725,Fully-Granodiorit,1,
726,Fully-Gneiskomplex,1,
727,Breya-Rhyolith,1,
728,Grépillons-Leukogranit,1,
729,Arpette-Leukogranit,1,
730,Mont-Blanc-Granit,1,
731,Montenvers-Granit,1,
732,Lognan-Orthogneis,1,
733,Pétoudes-Orthogneis,1,
734,Catogne-Gneiskomplex,1,
735,Sandpass-Formation,1,
736,Plattenzüg-Formation,1,
737,Mittagfluh-Granit,1,
738,Hinterbalm-Granit,1,
739,Balmenegg-Granit,1,
740,Zentraler Aare-Granit,1,
741,Unter-der-Flue-Granit,2,15253209.0
742,Beesten-Granit,2,15253209.0
743,Telltistock-Granit,1,
744,«Südwestlicher Aare-Granit»,1,
745,Strem-Granit,1,
746,Grimsel-Granodiorit,1,
747,Rossbodenstock-Diorit,1,
748,Wendenjoch-Formation,1,
749,Goltschenried-Formation,1,
750,Trift-Formation,1,
286,Etzgen-Granit,1,
287,Stockberg-Rhyolith,1,
288,Schafisheim-Syenit,1,
289,Pfaffnau-Granit,1,
290,Bärhalde-Granit,1,
291,Schluchsee-Granit,1,
292,Säckingen-Granit,1,
293,Zurzach-Granit,1,
294,Siblingen-Granit,1,
295,Albtal-Granit,1,
296,Malsburg-Granit,1,
297,Blauen-Granit,1,
298,Klemmbach-Granit,1,
299,Schlächtenhaus-Granit,1,
300,«Randgranit»,1,
301,Münsterhalden-Granit,1,
302,Schönau-Herrenschwand-Granit,1,
303,St.-Blasien-Granit,1,
304,Mambach-Granit,1,
305,Lenzkirch-Steina-Granit,1,
306,Lindau-Granit,1,
307,Kreuzlingen-Granit,1,
308,Hauenstein-Granit,1,
309,Böttstein-Granit,1,
310,Schlächtenhaus-Schiefer,1,
311,Gersbach-Schiefer,1,
312,Herdern-Streifengneis,1,
313,Todtmoos-Horbach-Gneiskomplex,1,
314,Steinatal-Gneiskomplex,1,
315,Murgtal-Gneiskomplex,1,
316,Laufenburg-Gneiskomplex,1,
317,Wiesen-Wehratal-Gneiskomplex,1,
318,Wehratal-Syenit,2,15251317.0
319,Bois-de-Raube-Formation,1,
320,Ajoie-Member,2,15252001.0
321,Bois-de-Raube-Member,2,15252001.0
322,Montchaibeux-Member,2,15252001.0
323,Kalter-Wangen-Formation,1,
324,Heilsberg-Bentonit,3,15252005.0
325,Humlikon-Bentonit,1,
326,Aargauer Juranagelfluh,1,
327,Basler Juranagelfluh,1,
328,Laufen-Juranagelfluh,1,
329,Vermes-Süsswasserkalk,1,
330,Golat-Süsswasserkalk,1,
331,Le-Locle-Formation,1,
332,Le-Verger-Member,2,15252013.0
333,Combe-Girard-Member,2,15252013.0
334,Combe-Girard-Bentonit,3,15252015.0
335,«Heliciden-Mergel» (OSM-J),1,
336,Les-Bayards-Juranagelfluh,1,
337,Mittlere Juranagelfluh,1,
338,Albstein,1,
339,Napf-Formation,1,
340,Wolhusen-Bentonit,3,15252021.0
341,Eimätteli-Member,2,15252021.0
342,Blapbach-Kohleflöz,3,15252023.0
343,Gitzitobel-Süsswasserkalk,1,
344,Wissenbach-Süsswasserkalk,1,
345,Altbach-Süsswasserkalk,1,
346,Tröleten-Süsswasserkalk,1,
347,Tschöplihof-Süsswasserkalk,1,
348,Öhningen-Formation,1,
349,Öhningen-Süsswasserkalk,3,15252030.0
350,Bischofzell-Bentonit,3,15252030.0
351,Ramschwag-Nagelfluh,3,15252030.0
352,Hörnli-Formation,1,
353,Hörnligipfel-Nagelfluh,2,15252034.0
354,Hörnligubel-Mergel,2,15252034.0
355,Höchegg-Brekzie,3,15252036.0
356,Tösswald-Member,2,15252034.0
357,Seerücken-Tuffit,3,15252038.0
358,Krinau-Member,2,15252034.0
359,Uetliberg-Formation,1,
360,Uetliberggipfel-Nagelfluh,3,15252041.0
361,Uetliberg-Mergel,2,15252041.0
362,Loorenkopf-Nagelfluh,3,15252041.0
363,Pfannenstiel-Formation,1,
364,Falätschen-Mergel,2,15252045.0
365,Zürich-Formation,1,
366,Fellitobel-Süsswasserkalk,3,15252047.0
367,Leimbach-Bentonit,3,15252047.0
368,Rütschlibach-Riedhof-Süsswasserkalk,3,15252047.0
369,Winterthur-Bentonit,3,15252047.0
370,Aeugstertal-Bentonit,3,15252047.0
371,Äntlisberg-Doldertobel-Süsswasserkalk,3,15252047.0
372,Wehrenbach-Höckler-Süsswasserkalk,3,15252047.0
373,Meilen-Formation,1,
374,Küsnacht-Bentonit,3,15252055.0
375,«Wulp-Rotzone»,3,15252055.0
376,Urdorf-Bentonit,3,15252055.0
377,«Appenzellergranit-Leitniveau»,1,
378,Degersheim-Kalknagelfluh,2,15252059.0
379,Abtwil-Konglomerat,2,15252059.0
380,Meilen-Kalk,2,15252059.0
381,Hüllistein-Konglomerat,2,15252059.0
382,Haldenhof-Mergel,1,
383,Lichtensteig-Formation,1,
384,Kapfnach-Formation,1,
385,Horgen-Käpfnach-Süsswasserkalk,3,15252066.0
386,Guggershorn-Formation,1,
387,Kirchberg-Formation,1,
388,Grimmelfingen-Formation,1,
389,Pfänder-Formation,1,
390,Tannenwald-Schichten,2,15252071.0
391,Tannenberg-Schichten,2,15252071.0
392,Schüpferegg-Nagelfluh,1,
393,Gabelspitz-Schichten,2,15252074.0
394,Schallenberg-Member,2,15252074.0
395,Seli-Nagelfluh,2,15252074.0
396,Kalchstätten-Formation,1,
397,Pfadflüe-Member,2,15252078.0
398,Crêt-du-Locle-Formation,1,
399,Baltersweil-Nagelfluh,1,
400,St.-Gallen-Formation,1,
401,«Obere Grenznagelfluh»,2,15252082.0
402,Goldbrunnen-Schichten,2,15252082.0
403,Dreilinden-Nagelfluh,2,15252082.0
404,Freudenberg-Nagelfluh,2,15252082.0
405,Staffelbach-Grobsandstein,2,15252082.0
406,Gitzigrabe-Grobsandstein,2,15252082.0
407,Niedermatt-Formation,1,
408,Belpberg-Formation,1,
409,Sädel-Kalknagelfluh,2,15252090.0
410,Utzigen-Muschelsandstein,2,15252090.0
411,Ulmiz-Quarzitnagelfluh,2,15252090.0
412,Bütschelbach-Nagelfluh,2,15252090.0
413,Jensberg-Formation,1,
414,Rebhubel-Schichten,2,15252095.0
415,Netzbachtal-Nagelfluh,1,
416,Randen-Grobkalk,1,
417,Tenniken-Muschelagglomerat,1,
418,Péry-Sandstein,1,
419,Luzern-Formation,1,
420,Safenwil-Muschelsandstein,2,15252101.0
421,Sense-Formation,1,
422,Molière-Muschelsandstein,2,15252103.0
423,Montécu-Schichten,2,15252103.0
424,Scherli-Quarzitnagelfluh,2,15252103.0
425,Chnebelburg-Formation,1,
426,Meinisberg-Muschelsandstein,2,15252107.0
427,Brüttelen-Grobsandstein,2,15252107.0
428,«Formation der Granitischen Molasse»,1,
429,«Oberaquitane Mergelzone»,2,15252110.0
430,«Molasse Grise de Lausanne»,1,
431,Bois-Genoud-Bentonit,3,15252112.0
432,Cuarny-Sandstein,3,15252112.0
433,Gümmenen-Formation,1,
434,«Obere Bunte Molasse» (USM-II),1,
435,«Grès et Marnes Gris à Gypse»,1,
436,Tillerée-Schichten,2,15252117.0
437,«Untere Bunte Molasse» (USM-I),1,
438,Mümliswil-Süsswasserkalk,3,15252119.0
439,«Molasse Rouge de Monthey»,1,
440,«Molasse Rouge des Jurasüdfusses»,1,
441,Mathod-Sandstein,3,15252122.0
442,Goumoëns-Sandstein,3,15252122.0
443,Dardagny-Sandstein,3,15252122.0
444,La-Chaux-Süsswasserkalk,1,
445,«Ältere Juranagelfluh»,1,
446,Tüllingen-Süsswasserkalk,1,
447,«Elsässer-Molasse»,1,
448,Delémont-Süsswasserkalk,2,15252129.0
449,Matzendorf-Süsswasserkalk,3,15252129.0
450,Wynau-Süsswasserkalk,3,15252129.0
451,Oensingen-Süsswasserkalk,3,15252129.0
452,Trois-Rods-Süsswasserkalk,1,
453,Orbe-Süsswasserkalk,1,
454,Grilly-Süsswasserkalk,1,
455,Porrentruy-Konglomerat,1,
456,Mornex-Nagelfluh,1,
457,«Cyathulabank» (UMM-J),1,
458,«Cyrenenmergel» (UMM-J),1,
459,«Septarienton» (UMM-J),1,
460,«Fischschiefer» (UMM-J),1,
461,«Foraminiferenmergel» (UMM-J),1,
462,«Meeressand» (UMM-J),1,
463,Ajoie-Gompholit,1,
464,Oltingue-Kalkarenit,1,
465,Bonneville-Sandstein,1,
466,Montauban-Mergel,1,
467,Cucloz-Formation,1,
468,Cucloz-Sandstein,2,15252149.0
469,«Marnes gris-souris» (Cucloz-Fm.),2,15252149.0
470,«Schistes marno-micacés» (Cucloz-Fm.),2,15252149.0
471,Goldegg-Sandstein,1,
472,Jordisboden-Mergel,1,
473,Vaulruz-Formation,1,
474,«Molasse Rouge de Vevey»,1,
475,Mont-Pèlerin-Nagelfluh,1,
476,Cornalle-Sandstein,1,
477,«Molasse à Charbon»,1,
478,Gérignoz-Formation,1,
479,Studweid-Formation,1,
480,Heuboden-Äschitannen-Nagelfluh,1,
481,Horw-Sandstein,1,
482,Grisigen-Mergel,1,
483,Hilfern-Formation,1,
484,Unter-Lochsiti-Nagelfluh,2,15252165.0
485,Flühli-Nagelfluh,2,15252165.0
486,Gitzschöpf-Nagelfluh,1,
487,Honegg-Mergel,1,
488,Kaltbach-Nagelfluh,1,
489,Thun-Formation,1,
490,Gunten-Nagelfluh,2,15252171.0
491,Hünibach-Nagelfluh,2,15252171.0
492,Losenegg-Formation,1,
493,Homberg-Formation,1,
494,Schwändibach-Nagelfluh,2,15252175.0
495,Uerscheli-Formation,1,
496,Bumbach-Nagelfluh,2,15252177.0
497,Beichlen-Formation,1,
498,Lienegg-Formation,1,
499,Öligraben-Formation,1,
500,Hornbüel-Melange,1,
501,Hombach-Member,2,15252110.0
502,Rigi-Formation,1,
503,Scheidegg-Nagelfluh,2,15252184.0
504,«Bunte Rigi-Nagelfluh»,2,15252184.0
505,Pfiffegg-Nagelfluh,3,15252186.0
506,«Radiolaritreiche Nagelfluh» (Rigi-Fm.),2,15252184.0
507,Weggis-Formation,1,
508,Kännelegg-Nagelfluh,2,15252189.0
509,Grindelegg-Formation,1,
510,Höhronen-Nagelfluh,1,
511,Speer-Formation,1,
512,Wintersberg-member,2,15252193.0
513,Ebnat-Member,2,15252193.0
514,Rütiberg-Kalksandstein,3,15252195.0
515,Leuenfall-Nagelfluh,2,15252193.0
516,Rietbad-Formation,1,
517,Kronberg-Nagelfluh,1,
518,Pfingstboden-Member,2,15252199.0
519,Hochfläschli-Member,2,15252199.0
520,Ennetbühl-Member,2,15252199.0
521,Hochalp-Member,2,15252199.0
522,Krummenau-Member,2,15252199.0
523,Sommersberg-Nagelfluh,1,
524,Brendenbach-Mergel,2,15252205.0
525,Gäbris-Nagelfluh,1,
526,Gstaldenbach-Member,2,15252207.0
527,Heiden-Member,2,15252207.0
528,Klusbach-Member,2,15252207.0
529,Eggen-Member,2,15252207.0
530,Sulzbach-Member,2,15252207.0
531,Marbach-Member,2,15252110.0
532,Zettenalp-Trochematt-Melange,1,
533,Laubersmad-Flysch,2,15253001.0
534,Serhalten-Flysch,1,
535,Ruestel-Flysch,2,15253003.0
536,Matt-Formation,1,
537,Engi-Dachschiefer,2,15253005.0
538,Gruontal-Konglomerat,2,15253005.0
539,Rüschenweid-Bank,3,15253006.0
540,Elm-Formation,1,
541,Val-d'Illiez-Sandstein,2,15253009.0
542,Taveyannaz-Formation,1,
543,Lavtina-Sandstein,1,
544,Burg-Sandstein,1,
545,Muot-da-Rubi-Formation,1,
546,Ahornen-Member,2,15253014.0
547,Kistenstöckli-Member,2,15253014.0
548,Ghölzwald-Member,2,15253014.0
549,Malor-Member,2,15253014.0
550,Südelgrabe-Melange,1,
551,Stad-Formation,1,
552,Wängen-Kalk,2,15253020.0
553,Jochstock-Konglomerat,3,15253020.0
554,Rütenen-Konglomerat,3,15253020.0
555,Kleintal-Konglomerat,3,15253020.0
556,Lochegg-Brekzie,3,15253020.0
557,Spirstock-Member,2,15253020.0
558,Sanetsch-Formation,1,
559,Pierredar-Kalk,2,15253027.0
560,Tsanfleuron-Member,2,15253027.0
561,Diablerets-Member,2,15253027.0
562,Roc-Champion-Konglomerat,3,15253030.0
563,Niederhorn-Formation,1,
564,Gemmenalp-Kalk,2,15253032.0
565,Hohgant-Sandstein,2,15253032.0
566,Wagenmoos-Bänke,3,15253034.0
567,Berglikehle-Bank,3,15253034.0
568,Mürren-Brekzie,3,15253034.0
569,Wildstrubel-Formation,1,
570,Schimberg-Member,2,15253038.0
571,Tierberg-Member,2,15253038.0
572,Küblibad-Member,2,15253038.0
573,Klimsenhorn-Formation,1,
574,Fruttli-Member,2,15253042.0
575,Band-Member,2,15253042.0
576,Fräkmünt-Member,2,15253042.0
577,Bürgen-Formation,1,
578,Foribach-Member,2,15253046.0
579,Mattgrat-Member,2,15253046.0
580,Scharti-Member,2,15253046.0
581,Steinbach-Member,2,15253046.0
582,Euthal-Formation,1,
583,Einsiedeln-Member,2,15253051.0
584,Chruteren-Member,2,15253051.0
585,Batöni-Member,2,15253051.0
586,Guschakopf-Sandstein,2,15253051.0
587,Vasanachopf-Member,2,15253051.0
588,Fliegenspitz-Member,2,15253051.0
589,Grindelwald-Marmor,1,
590,Dünden-Konglomerat,1,
591,Rosenlaui-Marmor,1,
592,Wang-Formation,1,
593,«Wang-Brekzie»,3,15253061.0
594,Amden-Mergel,1,
595,Leist-Mergel,2,15253063.0
596,Grotzen-Austernbank,3,15253064.0
597,Leiboden-Mergel,2,15253063.0
598,Seewen-Formation,1,
599,Choltal-Member,2,15253067.0
600,«Roter Seewenkalk»,2,15253067.0
601,Untere Götzis-Bank,2,15253067.0
602,Garschella-Formation,1,
603,Selun-Member,2,15253071.0
604,Kamm-Bank,3,15253072.0
605,Aubrig-Schichten,3,15253072.0
606,Wannenalp-Bank,3,15253072.0
607,Sellamatt-Schichten,3,15253072.0
608,Plattenwald-Bank,3,15253072.0
609,Durschlägi-Bank,3,15253072.0
610,Niederi-Schichten,3,15253072.0
611,Klaus-Bank,3,15253072.0
612,Twäriberg-Bank,3,15253072.0
613,Rankweil-Member,3,15253072.0
614,Brisi-Member,2,15253071.0
615,Gams-Schichten,3,15253083.0
616,Luitere-Bank,3,15253083.0
617,Freschen-Member,2,15253071.0
618,Hochkugel-Schichten,2,15253071.0
619,Grünten-Member,2,15253071.0
620,Col-de-la-Plaine-Morte-Bank,3,15253088.0
621,Rohrbachstein-Bank,3,15253088.0
622,Schrattenkalk-Formation,1,
623,«Oberer Schrattenkalk»,2,15253091.0
624,Rawil-Member,2,15253091.0
625,«Unterer Schrattenkalk»,2,15253091.0
626,Tierwis-Formation,1,
627,Hurst-Mergel,2,15253095.0
628,Chopf-Bank,3,15253095.0
629,Drusberg-Member,2,15253095.0
630,Altmann-Member,2,15253095.0
631,Helvetischer Kieselkalk,1,
632,Chriesiloch-Echinodermenkalk,3,15253100.0
633,Lidernen-Member,2,15253100.0
808,Galm-Member,2,15253275.0
809,Bachalp-Formation,1,
810,Mättental-Melange,1,
811,Schabell-Melange,1,
812,Blattengrat-Sandstein,1,
813,Martinsmad-Formation,1,
814,«Supraquarzitischer Flysch» (Martinsmad-Fm.),2,15253282.0
815,Suren-Flysch,3,15253283.0
816,Sardona-Member,2,15253282.0
817,«Infraquarzitischer Flysch» (Martinsmad-Fm.),2,15253282.0
818,Pfäfers-Formation,1,
819,Kapfen-Formation,1,
820,Schönbühl-Formation,1,
821,Kärpf-Formation,1,
822,Kärpfgipfel-Sernifit,2,15253290.0
823,Fulen-Formation,1,
824,Karrenstock-Formation,1,
825,Glattmatt-Member,2,15253293.0
826,Fuggstock-Member,2,15253293.0
827,Murgtal-Formation,1,
828,Chartegg-Member,2,15253296.0
829,Rotberg-Sandstein,3,15253297.0
830,Seez-Member,2,15253296.0
831,Gufelialp-Member,2,15253296.0
832,Mären-Formation,1,
833,Grisch-Member,2,15253301.0
834,Hahnenstock-Keratophyr,3,15253302.0
835,Sonnenberg-Horizonte,3,15253302.0
836,Chamseeli-Konglomerat,3,15253302.0
837,Foostock-Member,2,15253301.0
838,Üblital-Formation,1,
839,Val-Pigniu-Gneiskomplex,1,
840,Calmut-Gneiskomplex,1,
841,Rueras-Gneiskomplex,1,
842,Meierhof-Phyllit,1,
843,Waltensburg-Verrucano,1,
844,Ruinas-Sandstein,1,
845,Corno-Gneis,1,
846,Winterhorn-Granit,1,
847,Cacciola-Granit,1,
848,Rotondo-Granit,1,
849,Prosa-Granit,1,
850,Val-Tremola-Granit,1,
851,Sädelhorn-Diorit,1,
852,Gamsboden-Granit,1,
853,Fibbia-Granit,1,
854,Medel-Granit,1,
855,Cristallina-Granodiorit,1,
856,Uffiern-Diorit,1,
857,Alp-Cavradi-Gneiskomplex,1,
858,Borel-Gneiskomplex,1,
859,Tenelin-Gneiskomplex,1,
860,Laiets-Gneiskomplex,1,
861,Giubine-Gneiskomplex,1,
862,Tremola-Gneiskomplex,1,
863,Pontino-Gneiskomplex,2,15253331.0
864,Nelva-Gneiskomplex,2,15253331.0
865,Sasso-Rosso-Gneiskomplex,2,15253331.0
866,Prüsfa-Gneiskomplex,1,
867,Goms-Gneiskomplex,1,
868,Unterwassern-Gneis,2,15253336.0
869,Streifengneis-Komplex,1,
870,Hüenerstock-Gneis,2,15253338.0
871,Sassina-Spans-Augengneis,2,15253338.0
872,Alp-Ramosa-Granitgneis,2,15253338.0
873,Chastelhorn-Metagabbro,1,
874,Val-Nalps-Gneiskomplex,1,
875,Prato-Gneis,2,15253343.0
876,Distelgrat-Gneis,2,15253343.0
877,Guspis-Gneis,2,15253343.0
878,Gurschen-Gneis,2,15253343.0
879,Fuorcla-Paradis-Serpentinit,2,15253343.0
880,Paradis-Gneiskomplex,1,
881,Oberstafel-Gneis,2,15253349.0
882,Ganneretsch-Gneis,2,15253349.0
883,Sorescia-Gneis,2,15253349.0
884,Val-Camadra-Migmatit,2,15253349.0
885,Val-Gronda-Augengneis,2,15253349.0
886,Corandoni-Amphibolit,2,15253349.0
887,Coroi-Formation,1,
888,«Basaler Quarzit» (Coroi-Fm.),2,15253356.0
889,Inferno-Formation,1,
890,Runcaldeida-Schichten,3,15253358.0
891,Riein-Schichten,3,15253358.0
892,Stgir-Formation,1,
893,Habkern-Melange,1,
894,Habkern-Granit,2,15253362.0
895,Leimern-Schichten,2,15253362.0
896,Schattwald-Mergelkalk,2,15253362.0
897,Sörenberg-Melange,1,
898,Iberg-Melange,1,
899,Surbrunnen-Flysch,2,15253367.0
900,Roggenegg-Komplex,2,15253367.0
901,Isentobel-Komplex,2,15253367.0
902,Gwürz-Flysch,2,15253367.0
903,Scheidegg-Flysch,2,15253367.0
904,Wildhaus-Melange,1,
905,Plaine-Morte-Melange,1,
906,Sex-Mort-Flysch,1,
907,Arveyes-Flysch,1,
908,Gryonne-Formation,1,
909,Meilleret-Formation,1,
910,Höchst-Flysch,2,15253378.0
911,Iserin-Konglomerat,2,15253378.0
912,«Infrapräalpines Melange»,1,
913,Gros-Plané-Melange,2,15253381.0
914,Bodevena-Melange,2,15253381.0
915,Covayes-Formation,1,
916,Javrex-Formation,1,
917,Montsalvens-Kalkarenit,1,
918,Villarbeney-Formation,1,
919,Cergnement-Member,2,15253387.0
920,Veveyse-de-Châtel-Member,2,15253387.0
921,Riondouneire-Member,2,15253387.0
922,Jogne-Formation,1,
923,Vuavres-Member,2,15253391.0
924,Planière-Member,2,15253391.0
925,Bifé-Formation,1,
926,Joux-Galez-Member,2,15253394.0
927,Pereyres-Formation,1,
928,Praz-Couquain-Formation,1,
929,Taffon-Member,2,15253397.0
930,Saix-Member,2,15253397.0
931,Lochsiten-Kalk,1,
932,Salleren-Brekzie,1,
933,Robiei-Wildflysch,1,
934,Pizzo-Castello-Wildflysch,2,15254001.0
935,Tamier-Zött-Wildflysch,2,15254001.0
936,Alpe-Tamia-Campo-Wildflysch,2,15254001.0
937,Teggiolo-Kalkschiefer,1,
938,Medola-Quarzit,2,15254005.0
939,Pianasciom-Kalkschiefer,2,15254005.0
940,Piano-delle-Creste-Sandstein,2,15254005.0
941,Vanis-Formation,1,
942,Sevinera-Marmor,1,
943,Sevinera-Sandstein,1,
944,Ri-d'Antabia-Konglomerat,1,
945,Antigorio-Orthogneis,1,
946,Alpigia-Gneis,1,
947,Forcoletta-Gneis,1,
948,Aula-Spruga-Gneiskomplex,1,
949,Mergoscia-Gneis,1,
950,Lebendun-Komplex,1,
951,«Scisti bruni» (Lebendun),2,15254018.0
952,Holzerspitz-Kalkschiefer,1,
953,Lengenbach-Dolomitmarmor,1,
954,Ganter-Gneis,1,
955,Ritter-Gneis,1,
956,Geisspfad-Serpentinit,1,
957,Sabbione-Sandstein,1,
958,Valgrande-Paragneis,1,
959,Bosco-Gneis,1,
960,Batnall-Gneis,1,
961,Cocco-Gneis,1,
962,Ruscada-Gneis,1,
963,Lodano-Gneis,1,
964,Vergeletto-Gneis,1,
965,Cortascia-Gneis,1,
966,Lago-Scuro-Formation,1,
967,Val-Sabbia-Formation,1,
968,Massari-Formation,1,
969,Naret-Formation,1,
970,Matorello-Gneis,1,
971,Leventina-Gneis,1,
972,Personico-Gneis,3,15254039.0
973,Verzasca-Gneis,1,
974,Renten-Gneis,1,
975,Rebi-Gneis,1,
976,Brione-Gabbro,1,
977,Legiuna-Gneis,1,
978,Val-Chironico-Gneis,1,
979,Ganna-Gneis,1,
980,Vogorno-Gneis,1,
981,Vacarisc-Gneis,1,
982,Rognoi-Gneis,1,
983,Zervreila-Orthogneis,1,
984,Garenstock-Augengneis,1,
985,Salahorn-Formation,1,
1044,Punta-Rossa-Komplex,1,
1045,Ferret-Schiefer,1,
1046,Peula-Schichten,2,15255057.0
1047,La-Dotse-Albitkalk,2,15255057.0
1048,Pierre-Avoi-Melange,1,
1049,Pierre-Avoi-Brekzie,2,15255060.0
1050,Versoyen-Schichten,1,
1051,Aul-Marmor,1,
1052,Stätzerhorn-Formation,1,
1053,Bleis-Pintgas-Member,2,15255064.0
1054,Parnegl-Member,2,15255064.0
1055,Danis-Member,2,15255064.0
1056,Raschil-Member,2,15255064.0
1057,«Hauptkonglomerat»,2,15255064.0
1058,Carnusa-Formation,1,
1059,Nolla-Kalkschiefer,1,
1060,Safien-Kalk,2,15255071.0
1061,Nolla-Tonschiefer,1,
1062,Bärenhorn-Formation,1,
1063,Ruchberg-Formation,1,
1064,Oberälpli-Formation,1,
1065,Eggberg-Formation,1,
1066,Gyrenspitz-Formation,1,
1067,Fadura-Formation,1,
1068,Pfävigrat-Formation,1,
1069,Sassauna-Formation,1,
1070,Valzeina-Formation,1,
1071,Klus-Formation,1,
1072,Arblatsch-Flysch,1,
1073,Spegnas-Formation,1,
1074,Rudnal-Formation,1,
1075,Savognin-Formation,1,
1076,Roz-Schiefer,1,
1077,Truche-Brekzie,1,
1078,Trom-Brekzie,1,
1079,Exergillod-Brekzie,1,
1080,Troublon-Kalk,1,
1081,Zünegg-Knollenkalk,1,
1082,Hauta-Crêtaz-Formation,1,
1083,Pointe-de-l'Au-Brekzie,1,
1084,Bonaveau-Kalk,1,
1085,Sex-du-Tronc-Kalk,1,
1086,Grand-Herba-Kalk,1,
1087,Coulaytes-Melange,1,
1088,Buufal-Konglomerat,2,15255099.0
1089,Cuvigne-Derrey-Formation,1,
1090,Chenaux-Rouges-Formation,1,
1091,Hochmatt-Kalkarenit,2,15255102.0
1092,Chenaux-Rouges-Mineralkruste,3,15255102.0
1093,Forclettes-Formation,1,
1094,Roter-Sattel-Hartgrund,3,15255105.0
1095,Beaumont-Konglomerat,2,15255105.0
1096,Rayes-Kalk,2,15255105.0
1097,Pissot-Member,2,15255105.0
1098,Rote-Platte-Formation,1,
1099,Wildenbach-Member,2,15255110.0
1100,Pra-du-Pont-Hartgrund,3,15255111.0
1101,Rontins-Member,2,15255110.0
1102,Allières-Member,2,15255110.0
1103,Gérignoz-Kalk,2,15255110.0
1104,Plagersflue-Kalkarenit,2,15255110.0
1105,Intyamon-Formation,1,
1106,Chällihorn-Member,2,15255117.0
1107,Comba-d'Avau-Member,2,15255117.0
1108,Rodosex-Member,2,15255117.0
1109,Sciernes-d'Albeuve-Formation,1,
1110,Kummli-Schichten,2,15255121.0
1111,Dorfflüe-Formation,1,
1112,Wandfluh-Mikrofazies,2,15255123.0
1113,Gummfluh-Mikrofazies,2,15255123.0
1114,Gastlosen-Oolith,2,15255123.0
1115,Rindenkorn-Mikrofazies,2,15255123.0
1116,Pfad-Mikrofazies,2,15255123.0
1117,Moléson-Formation,1,
1118,Albeuve-Serie,2,15255129.0
1119,Torrent-de-Lessoc-Formation,1,
1120,Dréveneuse-Bauxit,1,
1121,Mytilus-Schichten,1,
1122,Col-de-Cordon-Member,2,15255133.0
1123,Stockenflue-Kalk,3,15255134.0
1124,Klus-Konglomerat,3,15255134.0
1125,Holzerhorn-Einheit,3,15255134.0
1126,Rubli-Member,2,15255133.0
1127,Chavanette-Member,2,15255133.0
1128,Staldengraben-Formation,1,
1129,Col-de-Lys-Member,2,15255139.0
1130,Vanil-Carré-Member,2,15255139.0
1131,Verdy-Member,2,15255139.0
1132,Soladier-Member,2,15255139.0
1133,Sommant-Formation,1,
1134,Langel-Member,2,15255145.0
1135,Mieussy-Member,2,15255145.0
1136,Haute-Pointe-Formation,1,
1137,Brasses-Formation,1,
1138,Rossinière-Formation,1,
1139,Heiti-Formation,1,
1140,Combe-du-Pissot-Formation,1,
1141,Chevalets-Schichten,2,15255152.0
1142,Creux-de-l'Ours-Schichten,2,15255152.0
1143,Petit-Liençon-Formation,1,
1144,Arvel-Formation,1,
1145,Grande-Bonavau-Formation,1,
1146,Chauderon-Formation,1,
1147,Vudalla-Formation,1,
1148,Agreblierai-Member,2,15255159.0
1149,Bois-de-Luan-Member,2,15255159.0
1150,Col-de-Tompey-Formation,1,
1151,Plan-Falcon-Formation,1,
1152,«Dolomies Blondes»,1,
1153,Clôt-la-Cime-Formation,1,
1154,Pralet-Formation,1,
1155,«Obere Rauhwacke» (Pralet-Fm.),2,15255166.0
1156,Erpilles-Member,2,15255166.0
1157,Balmi-Member,2,15255166.0
1158,Wiriehorn-Formation,1,
1159,Bodeflue-Member,2,15255170.0
1160,Wildgrimmi-Member,2,15255170.0
1161,St-Triphon-Formation,1,
986,Piz-del-Palo-Gneis,1,
987,Gruf-Migmatit,1,
988,Sivigia-Gneis,2,15254055.0
989,Garzott-Brekzie,1,
990,Terri-Schiefer,1,
991,Val-Stgira-Riffmarmor,1,
992,Chesselbach-Formation,1,
993,Seron-Formation,1,
994,Niesenkulm-Formation,1,
995,Frutigen-Formation,1,
996,Aigremont-Brekzie,2,15255007.0
997,Sulzgrabe-Formation,1,
998,Grande-Eau-Formation,1,
999,Langy-Member,2,15255010.0
1000,Forclaz-Member,2,15255010.0
1001,«Grès de Passage»,2,15255010.0
1002,Leyderry-Member,2,15255010.0
1003,Raverette-Member,2,15255010.0
1004,«Schistes à Miches»,2,15255010.0
1005,Chlussli-Formation,1,
1006,Murgaz-Kalk,1,
1007,Formation de Bretaye,1,
1008,Oudiou-Formation,1,
1009,Kiental-Melange,1,
1010,Boëge-Mergel,1,
1011,Vouan-Konglomerat,1,
1012,Voirons-Sandstein,1,
1013,"«Flysch 5, mit kieseligen Mikrokonglomeraten»",1,
1014,«Flysch 4 mit siltigen Turbiditen»,1,
1015,«Flysch 3»,1,
1016,«Flysch 3b mit bioklastischen Turbiditen»,2,15255027.0
1017,«Flysch 3a mergelig-sandig»,2,15255027.0
1018,«Flysch 2»,1,
1019,«Flysch 2b mit sandigen Turbiditen»,2,15255030.0
1020,«Flysch 2a tonig-sandig»,2,15255030.0
1021,Hellstätt-Formation,1,
1022,Schlieren-Sandstein,1,
1023,Schoni-Sandstein,1,
1024,«Obere Tonsteinschichten» (Schlieren-Flysch),2,15255035.0
1025,Guber-Sandstein,1,
1026,«Untere Tonsteinschichten» (Schlieren-Flysch),2,15255037.0
1027,Wägital-Flysch,1,
1028,Trepsen-Flysch,1,
1029,Fanola-Formation,1,
1030,Planknerbrücke-Formation,1,
1031,Planken-Formation,1,
1032,Reiselsberg-Formation,1,
1033,Rombach-Formation,1,
1034,Langenegg-Formation,1,
1035,Rinderbach-Formation,1,
1036,Triesen-Formation,1,
1037,Eichholztobel-Formation,1,
1038,Schloss-Formation,1,
1039,Gaschlo-Formation,1,
1040,St-Christophe-Formation,1,
1041,Marmontains-Formation,1,
1042,Aroley-Formation,1,
1043,Südegg-Komplex,1,
751,Intschi-Formation,1,
752,Windgällen-Formation,1,
753,Bifertengrätli-Formation,1,
754,Sandalp-Rhyolith,2,15253222.0
755,«Lakustrisches Member» (Bifertengrätli-Fm.),2,15253222.0
756,«Estuarisches Member» (Bifertengrätli-Fm.),2,15253222.0
757,Grünhorn-Member,2,15253222.0
758,«Basales Konglomerat» (Bifertengrätli-Fm.),3,15253226.0
759,Diechtergletscher-Formation,1,
760,Maasplanggstock-Metaandesit,2,15253228.0
761,Garwiidi-Diorit,2,15253228.0
762,Tscharren-Formation,1,
763,Rinderbiel-Mikrogranit,2,15253231.0
764,Voralp-Granit,1,
765,Brunni-Granit,1,
766,Munt-Dado-Granit,1,
767,Bugnei-Granodiorit,1,
768,Düssi-Diorit,1,
769,Schöllenen-Diorit,1,
770,Rossplatten-Diorit,1,
771,Dammagletscher-Diorit,1,
772,Bristenstock-Syenit,1,
773,Tödi-Granit,1,
774,Pardatschas-Granit,1,
775,Giuv-Syenit,1,
776,Curtin-Monzodiorit,1,
777,Val-da-Surplattas-Diorit,1,
778,Alp-Crap-Ner-Granit,1,
779,Russein-Diorit,1,
780,Val-Gliems-Formation,1,
781,Bifertenfirn-Formation,1,
782,Gastern-Granit,1,
783,Innertkirchen-Migmatit,1,
784,Zäsenberg-Gneis,2,15253252.0
785,Erstfeld-Gneiskomplex,1,
786,Guttannen-Gneiskomplex,1,
787,Lötschental-Gneiskomplex,1,
788,Ofenhorn-Stampfhorn-Gneiskomplex,1,
789,Straligenstöckli-Gneiskomplex,1,
790,Chrüzlistock-Migmatit,1,
791,Piz-Cuolmet-Gneiskomplex,1,
792,Tamina-Gneiskomplex,1,
793,Bäregg-Gneiskomplex,1,
794,Baltschieder-Granodiorit,1,
795,Gärsthorn-Gneiskomplex,1,
796,Bitschji-Augengneis,2,15253264.0
797,Geimen-Augengneis,2,15253264.0
798,Engi-Granit,2,15253264.0
799,Massa-Gneiskomplex,1,
800,Sogn-Placi-Gneiskomplex,1,
801,Pulanera-Gneiskomplex,1,
802,Punteglias-Granit,1,
803,Posta-Biala-Granit,2,15253271.0
804,Val-Punteglias-Diorit,2,15253271.0
805,Piz-Ner-Granit,2,15253271.0
806,Torrenthorn-Formation,1,
807,Torrentalp-Member,2,15253275.0
1516,Pizzo-Leone-Gneis,1,
1517,San-Bernardo-Gneis,1,
1518,Stabbiello-Gneis,1,
1519,Giumello-Gneis,1,
1520,Ceneri-Gneis,1,
1521,Höwenegg-Basalt,1,
1522,Hohenwiel-Phonolith,1,
1523,Hegau-Tuffit,1,
1524,Brand-Herrentisch-Tuffit,1,
1525,Wangen-Tuffit,1,
1526,Hohenolber-Tuffit,1,
1527,Eichbol-Tuffit,1,
1528,Zocca-Aplit,1,
1529,Monte-Rosso-Mikrogranit,1,
1530,Alpe-Cameraccio-Granodiorit,1,
1531,Val-Masino-Granodiorit,1,
1532,Melirolo-Augengneis,1,
1533,Monte-Bassetta-Quarzdiorit,1,
1534,Sorico-Tonalit,1,
1535,Jorio-Tonalit,1,
1536,San-Fedelino-Granit,1,
1162,Andonces-Member,2,15255173.0
1163,«Mittlere Rauhwacke» (St-Triphon-Fm.),3,15255174.0
1164,«Silex-Niveau» (St-Triphon-Fm.),3,15255174.0
1165,Lessus-Member,2,15255173.0
1166,Dorchaux-Member,2,15255173.0
1167,«Untere Rauhwacke» (St-Triphon-Fm.),3,15255178.0
1168,Griggeli-Formation,1,
1169,Mythen-Kieselkalk,2,15255180.0
1170,«Griggeli-Bank»,3,15255181.0
1171,Gibel-Formation,1,
1172,Rämsi-Member,2,15255183.0
1173,«Gibel-Member»,2,15255183.0
1174,Steinberg-Konglomerat,3,15255185.0
1175,Musenalp-Member,2,15255183.0
1176,Stanserhorn-Formation,1,
1177,«Zoophycos-Schichten» (Stanserhorn-Fm.),2,15255188.0
1178,Spis-Kalk,2,15255188.0
1179,«Posidonienschiefer» (Stanserhorn-Fm.),2,15255188.0
1180,Obflue-Formation,1,
1181,Brand-Formation,1,
1182,Horngraben-Formation,1,
1183,Lückengraben-Formation,1,
1184,Zwischenmythen-Mergel,1,
1185,Mattes-Melange,1,
1186,Chumi-Formation,1,
1187,Joux-Verte-Formation,1,
1188,Bonave-Formation,1,
1189,«Obere Brekzie» (Brekzien-Decke),1,
1190,«Obere Schiefer» (Brekzien-Decke),1,
1191,«Untere Brekzie» (Brekzien-Decke),1,
1192,«Untere Schiefer» (Brekzien-Decke),1,
1193,«Untere Kalke» (Brekzien-Decke),2,15255204.0
1194,«Infrabrèche-Melange»,1,
1195,Ricard-Rhyolit,1,
1196,Printse-Formation,1,
1197,Chandoline-Sandstein,2,15255208.0
1198,Gälmji-Gneis,1,
1199,Scherbadung-Gabbro,1,
1200,Moncucco-Peridotit,1,
1201,Mont-Brûlé-Quarzit,1,
1202,Plan-Palasuit-Konglomerat,2,15255213.0
1203,Ruitor-Gneiskomplex,1,
1204,Lacerandes-Augengneis,1,
1205,Mont-Mort-Metapelit,1,
1206,Törbel-Gneis,1,
1207,Stalden-Gneis,1,
1208,Ahorn-Augengneiss,2,15255219.0
1209,Berisal-Gneiskomplex,1,
1210,Brunnegjoch-Metabauxit,1,
1211,Bruneggjoch-Formation,1,
1212,Sous-le-Rocher-Member,2,15255223.0
1213,Embd-Member,2,15255223.0
1214,Randa-Augengneis,1,
1215,Oberems-Albitgneis,2,15255226.0
1216,Bonigersee-Augengneis,2,15255226.0
1217,Col-de-Chassoure-Formation,1,
1218,Gouille-Verte-Member,2,15255229.0
1219,Matse-Member,2,15255229.0
1220,Dent-de-Nendaz-Member,2,15255229.0
1221,Goli-d'Aget-Member,2,15255229.0
1222,Mondra-Member,2,15255229.0
1223,Cleuson-Member,2,15255229.0
1224,Métailler-Formation,1,
1225,Louvie-Gabbro,2,15255236.0
1226,Distulberg-Formation,1,
1227,Thyon-Metagranophyr,1,
1228,Mont-Rogneux-Metagranit,1,
1229,Lirec-Formation,1,
1230,Adlerflüe-Formation,1,
1231,Minugrat-Eklogit,2,15255242.0
1232,Ergischhorn-Komplex,1,
1233,Brändjispitz-Metagabbro,2,15255244.0
1234,Ginals-Gneis,2,15255244.0
1235,Böshorn-Gneis,2,15255244.0
1236,«Série-Rousse»,1,
1237,Portjengrat-Orthogneis,1,
1238,Saas-Fee-Augengneis,1,
1239,Almagelhorn-Migmatit,1,
1240,Weissmies-Paragneis,1,
1241,Preja-Formation,1,
1242,Cavalli-Formation,1,
1243,Mezzalama-Granit,1,
1244,Monte-Rosa-Orthogneis ,1,
1245,Macugnaga-Augengneis,1,
1246,Rottal-Migmatit,1,
1247,Stellihorn-Mylonit,1,
1248,Truzzo-Granit,1,
1249,Roffna-Gneis,1,
1250,Timun-Gneiskomplex,1,
1251,Gelbhorn-Flysch,1,
1252,Obrist-Formation,1,
1253,Vizan-Brekzie,1,
1254,Tschera-Marmor,1,
1255,Wissberg-Brekzie,2,15255266.0
1256,Nisellas-Formation,1,
1257,Tumpriv-Formation,1,
1258,Solis-Kalk,2,15255269.0
1259,Kalkberg-Formation,1,
1260,Bavugls-Formation,1,
1261,Taspegn-Gneis,1,
1262,Burgruinen-Gneis,1,
1263,Vignun-Gneis,1,
1264,Areua-Bruschghorn-Melange,1,
1265,«Globorotalien-Schichten»,1,
1266,«Quarzsandstein-Flysch»,1,
1267,Tristel-Formation,1,
1268,«Fleckenkalk-Flysch»,1,
1269,Jes-Formation,1,
1270,Falknis-Brekzie,1,
1271,Sanalada-Formation,1,
1272,Panier-Formation,1,
1273,Sulzfluh-Kalk,1,
1274,Minschun-Brekzie (Tasna),2,15255279.0
1275,Steinsberg-Kalk,1,
1276,Plattamala-Granit,1,
1277,Hundsrügg-Formation,1,
1278,Perrières-Formation,1,
1279,Gets-Ophiolith,2,15255290.0
1280,Rodomonts-Formation,1,
1281,Mocausa-Nagelfluh,2,15255292.0
1282,Tissota-Melange,1,
1283,Gueyraz-Komplex,2,15255294.0
1284,«Foraminiferenschichten» (Tissota-Melange),3,15255295.0
1285,«Aptychenkalk» (Tissota-Melange),3,15255295.0
1286,«Radiolarit» (Tissota-Melange),3,15255295.0
1287,«Filamentkalk» (Tissota-Melange),3,15255295.0
1288,«Spatkalk» (Tissota-Melange),3,15255295.0
1289,Manche-Formation,1,
1290,Weissenburg-Flysch,2,15255301.0
1291,Lamperehubel-Sandstein,2,15255301.0
1292,Fouyet-Formation,1,
1293,Biot-Formation,1,
1294,Colerin-Konglomerat,2,15255305.0
1295,Chétillon-Formation,1,
1296,Estavannens-Flysch,1,
1297,Reidigen-Formation,1,
1298,Loranco-Amphibolit,1,
1299,Andolla-Eklogit,1,
1300,Riffelberg-Melange,1,
1301,Pfulwe-Metabasalt,1,
1302,Allalin-Gabbro,1,
1303,Breithorn-Serpentinit,1,
1304,«Série Grise»,1,
1305,Garda-Bordon-Formation,1,
1306,Fêta-d'Août-Formation,1,
1307,Chanrion-Radiolarit,1,
1308,Mont-des-Ritzes-Metabasalt,1,
1309,Aiguilles-Rouges-d'Arolla-Metagabbro,1,
1310,Serra-Neire-Serpentinit,1,
1311,Torrembey-Brekzie,1,
1312,Muretto-Quarzit,1,
1313,Rossi-Formation,1,
1314,Lizun-Prasinit,1,
1315,Forno-Amphibolit,1,
1316,Ur-Brekzie,1,
1317,Malenco-Serpentinit,1,
1318,Flix-Schichten,1,
1319,Falotta-Radiolarit,1,
1320,«Cenomanbrekzien-Serie»,1,
1321,Bettlerjoch-Brekzie,1,
1322,Bargella-Brekzie,1,
1323,Verspala-Formation,1,
1324,Alpbach-Schiefer,1,
1325,Lavagna-Formation,1,
1326,«Palombini-Formation»,1,
1327,Maran-Brekzie,1,
1328,Haupter-Brekzie,1,
1329,Totalp-Serpentinit,1,
1330,Matterhorn-Gabbro,1,
1331,Grand-Dolin-Brekzie,1,
1332,Petit-Dolin-Kalkbrekzie,1,
1333,Mont-Morion-Granit,1,
1334,Pointe-d'Otemma-Granodiorit,1,
1335,Bouquetins-Quarzdiorit,1,
1336,Arolla-Orthogneis,1,
1337,«Série Rubanée»,1,
1338,Mont-Collon-Gabbro,1,
1339,Sassa-Metagabbro,1,
1340,Berrio-Gabbro,1,
1341,Tête-de-Valpelline-Phyllit,1,
1342,Maia-Metagabbro,1,
1343,Losone-Schiefer,1,
1344,Maloja-Orthogneis,1,
1345,Fedoz-Metagabbro,1,
1346,Maloja-Gneiskomplex,1,
1347,Fedoz-Gneiskomplex,1,
1348,Musella-Granit,1,
1349,Sella-Granodiorit,1,
1350,Marinelli-Formation,1,
1351,God-Drosa-Flysch,1,
1352,Clavadatsch-Brekzie,2,15257001.0
1353,Chanèls-Formation,1,
1354,Emmat-Formation,1,
1355,Russenna-Formation,1,
1356,Blais-Radiolarit,1,
1357,Plattas-Member,2,15257006.0
1358,Saluver-Formation,1,
1359,Allgäu-Formation,1,
1360,Mezzaun-Member,2,15257009.0
1361,Blaisun-Member,2,15257009.0
1362,Trupchun-Member,2,15257009.0
1363,Chaschauna-Brekzie,3,15257009.0
1364,Agnelli-Formation,1,
1365,Alv-Brekzie,1,
1366,Kössen-Formation,1,
1367,Zirmenkopf-Kalk,2,15257016.0
1368,Mitgel-Member,2,15257016.0
1369,Ramoz-Member,2,15257016.0
1370,Schesaplana-Member,2,15257016.0
1371,Alplihorn-Member,2,15257016.0
1372,Murtèr-Plattenkalk,1,
1373,Uglix-Plattenkalk,1,
1374,Murteret-Dolomit,1,
1375,Diavel-Formation,1,
1376,Quattervals-Formation,1,
1377,Crappa-Mala-Mergel,2,15257026.0
1378,Pra-Grata-Member,2,15257026.0
1379,Müschauns-Dolomit,1,
1380,Fanez-Formation,1,
1381,Valbella-Member,2,15257030.0
1382,Stugl-Gips,2,15257030.0
1383,Mezdi-Member,2,15257030.0
1384,Cluozza-Member,2,15257030.0
1385,Minger-Formation,1,
1386,Mora-Member,2,15257035.0
1387,Döss-Radond-Vulkanite,3,15257036.0
1388,Altein-Formation,1,
1389,Parai-Alba-Member,2,15257038.0
1390,Prosanto-Formation,1,
1391,Vallatscha-Formation,1,
1392,Tiaun-Brekzie,2,15257041.0
1393,Turettas-Member,2,15257041.0
1394,Landwasser-Member,2,15257041.0
1395,Lavinèr-Brekzie,2,15257041.0
1396,Garone-Formation,1,
1397,S-charl-Formation,1,
1398,Sertig-Member,2,15257047.0
1399,Ravais-ch-Member,2,15257047.0
1400,Ducan-Formation,1,
1401,«Trochitendolomit-Member»,2,15257050.0
1402,«Brachiopodenkalk-Member»,2,15257050.0
1403,«Eisendolomit-Member»,2,15257050.0
1404,«Gracilis-Member»,2,15257050.0
1405,Fuorn-Formation,1,
1406,Punt-la-Drossa-Member,2,15257055.0
1407,«Pflanzenquarzit»,2,15257055.0
1408,Chazforà-Formation,1,
1409,Tuors-Member,2,15257058.0
1410,Val-Püra-Member,2,15257058.0
1411,Ruina-Formation,1,
1412,Sandhubel-Member,2,15257061.0
1413,Bellaluna-Member,2,15257061.0
1414,Piz-Trovat-Metarhyolit,1,
1415,Sass-Queder-Metarhyolith,1,
1416,Nair-Porphyroid,1,
1417,Lavatèra-Brekzie,2,15257066.0
1418,Varaina-Schiefer,1,
1419,«Sprenkelschiefer»,1,
1420,Tschima-da-Flix-Granit,1,
1421,Parait-Chavagl-Granit,1,
1422,Celerina-Orthogneis,1,
1423,Plasseggen-Augengneis,1,
1424,Dorfberg-Gneis,1,
1425,Augsten-Brekzie,1,
1426,Sasso-Rosso-Granodiorit,1,
1427,Morteratsch-Serpentinit,1,
1428,La-Rösa-Orthogneis,1,
1429,Val-Rude-Orthogneis,1,
1430,Carale-Schiefer,1,
1431,Julier-Granodiorit,1,
1432,Err-Brekzie,1,
1433,Salamun-Brekzie,1,
1434,Vaüglia-Granodiorit,1,
1435,Err-Granodiorit,1,
1436,Salteras-Formation,1,
1437,Corvatsch-Granodiorit,1,
1438,Bardella-Formation,1,
1439,Corno-di-Campo-Granodiorit,1,
1440,Campocologno-Gabbro,1,
1441,Tonale-Schiefer,1,
1442,Lech-Formation,1,
1443,Ammergau-Formation,1,
1444,Ruhpolding-Formation,1,
1445,Arlberg-Formation,1,
1446,Partnach-Formation,1,
1447,Reiflingen-Formation,1,
1448,Gutenstein-Formation,1,
1449,Reichenhall-Formation,1,
1450,Präbichl-Formation,1,
1451,Flüela-Augengneis,1,
1452,Tschuggen-Augengneis,1,
1453,Forun-Augengneis,1,
1454,Kesch-Augengneis,1,
1455,Güstizia-Gneis,1,
1456,Mönchalp-Augengneis,1,
1457,Sesvenna-Augengneis,1,
1458,Castel-di-Sotto-Ton,1,
1459,Pontegana-Konglomerat,1,
1460,Lucino-Konglomerat,1,
1461,Cagno-Sandstein,2,15258003.0
1462,Como-Konglomerat,1,
1463,Malnate-Sandstein,2,15258005.0
1464,Val-Grande-Sandstein,2,15258005.0
1465,Rio-dei-Gioghi-Pelite,2,15258005.0
1466,Prestino-Pelite,2,15258005.0
1467,Chiasso-Formation,1,
1468,Villa-Olmo-Konglomerat,2,15258010.0
1469,Ternate-Formation,1,
1470,Brenno-Formation,1,
1471,Prella-Konglomerat,1,
1472,Bergamo-Flysch,1,
1473,Coldrerio-Flysch,1,
1474,Torre-Konglomerat,1,
1475,Varesotto-Flysch,1,
1476,Pontida-Formation,1,
1477,«Scaglia Rossa Lombarda»,1,
1478,«Scaglia Bianca Lombarda»,1,
1479,«Scaglia Variegata Lombarda»,1,
1480,«Maiolica Lombarda»,1,
1481,«Selcifero Lombardo»,1,
1482,«Rosso ad Aptici»,2,15258024.0
1483,«Calcare a bivalvi planctonici»,1,
1484,«Rosso Ammonitico Lombardo»,1,
1485,«Grenzposidonienschichten»,2,15258027.0
1486,Morbio-Formation,1,
1487,Besazio-Kalk,1,
1488,Moltrasio-Formation,1,
1489,Molino-Member,2,15258031.0
1490,Saltrio-Formation,1,
1491,«Macchia Vecchia»,1,
1492,Broccatello d'Arzo,1,
1493,Albenza-Formation,1,
1494,Zu-Kalk,1,
1495,Tremona-Formation,1,
1496,«Brecce Retiche»,1,
1497,Riva-di-Solto-Tonstein,1,
1498,«Dolomia Principale»,1,
1499,Pizzella-Mergel,1,
1500,Cunardo-Formation,1,
1501,Meride-Formation,1,
1502,«Kalkschieferzone» (Meride-Fm.),2,15258044.0
1503,«Dolomitband» (Meride-Fm.),2,15258044.0
1504,Cassina-Bank,3,15258044.0
1505,«Cava Superiore»,3,15258044.0
1506,«Cava Inferiore»,3,15258044.0
1507,San-Giorgio-Dolomit,1,
1508,Val-Serrata-Tuffite,3,15258051.0
1509,Besano-Formation,1,
1510,San-Salvatore-Dolomit,1,
1511,Bellano-Formation,1,
1512,«Servino»,1,
1513,Manno-Formation,1,
1514,Fornale-Gabbro,1,
1515,Finero-Peridotit,1,
